day,month_1,month_2,month_3,month_4,month_5,month_6,month_7,month_8,month_9,month_10,month_11,month_12,year,weekday_0,weekday_1,weekday_2,weekday_3,weekday_4,weekday_5,weekday_6,holiday,workingday,temp,humidity_windspeed,season_1,season_2,season_3,season_4,Clear,Few clouds,Partly cloudy,Mist,Cloudy,Broken clouds,Light Snow,Light Rain,Thunderstorm,Scattered clouds,Heavy Rain,Ice Pallets,Snow,Fog,casual,registered,total_count,total_count_smoothed_kalman
1,1,0,0,0,0,0,0,0,0,0,0,0,2011,0,0,0,0,0,0,1,0,0,0.344167,0.129292681518,1,0,0,0,0,1,0,1,1,1,0,0,0,0,0,0,0,0,331,654,985,622.0304242937852
2,1,0,0,0,0,0,0,0,0,0,0,0,2011,1,0,0,0,0,0,0,0,0,0.363478,0.173004766893,1,0,0,0,0,1,0,1,1,1,0,0,0,0,0,0,0,0,131,670,801,881.091272881356
3,1,0,0,0,0,0,0,0,0,0,0,0,2011,0,1,0,0,0,0,0,0,1,0.196364,0.108578821357,1,0,0,0,1,1,1,0,0,0,0,0,0,0,0,0,0,0,120,1229,1349,1220.2433943502829
4,1,0,0,0,0,0,0,0,0,0,0,0,2011,0,0,1,0,0,0,0,0,1,0.2,0.09464436876,1,0,0,0,1,1,1,0,0,0,0,0,0,0,0,0,0,0,108,1454,1562,1430.6389101694929
5,1,0,0,0,0,0,0,0,0,0,0,0,2011,0,0,0,1,0,0,0,0,1,0.226957,0.0816672633,1,0,0,0,1,1,1,0,0,0,0,0,0,0,0,0,0,0,82,1518,1600,1509.673336158196
6,1,0,0,0,0,0,0,0,0,0,0,0,2011,0,0,0,0,1,0,0,0,1,0.204348,0.0464181501172,1,0,0,0,1,1,1,0,0,0,0,0,0,0,0,0,0,0,88,1518,1606,1498.3810983050946
7,1,0,0,0,0,0,0,0,0,0,0,0,2011,0,0,0,0,0,1,0,0,1,0.196522,0.084142981296,1,0,0,0,0,1,0,1,1,1,0,0,0,0,0,0,0,0,148,1362,1510,1379.469958757088
8,1,0,0,0,0,0,0,0,0,0,0,0,2011,0,0,0,0,0,0,1,0,0,0.165,0.14296238773199998,1,0,0,0,0,1,0,1,1,1,0,0,0,0,0,0,0,0,68,891,959,1130.02877796617
9,1,0,0,0,0,0,0,0,0,0,0,0,2011,1,0,0,0,0,0,0,0,0,0.138333,0.15714674565,1,0,0,0,1,1,1,0,0,0,0,0,0,0,0,0,0,0,54,768,822,1051.6163751414217
10,1,0,0,0,0,0,0,0,0,0,0,0,2011,0,1,0,0,0,0,0,0,1,0.150833,0.10781942983899999,1,0,0,0,1,1,1,0,0,0,0,0,0,0,0,0,0,0,41,1280,1321,1202.8203474580944
11,1,0,0,0,0,0,0,0,0,0,0,0,2011,0,0,1,0,0,0,0,0,1,0.169091,0.083827008048,1,0,0,0,0,1,0,1,1,1,0,0,0,0,0,0,0,0,43,1220,1263,1235.8446672328614
12,1,0,0,0,0,0,0,0,0,0,0,0,2011,0,0,0,1,0,0,0,0,1,0.172727,0.182637594715,1,0,0,0,1,1,1,0,0,0,0,0,0,0,0,0,0,0,25,1137,1162,1241.7136542404903
13,1,0,0,0,0,0,0,0,0,0,0,0,2011,0,0,0,0,1,0,0,0,1,0.165,0.14159551699999998,1,0,0,0,1,1,1,0,0,0,0,0,0,0,0,0,0,0,38,1368,1406,1327.2962954886098
14,1,0,0,0,0,0,0,0,0,0,0,0,2011,0,0,0,0,0,1,0,0,1,0.16087,0.068060804648,1,0,0,0,1,1,1,0,0,0,0,0,0,0,0,0,0,0,54,1367,1421,1334.175232225339
15,1,0,0,0,0,0,0,0,0,0,0,0,2011,0,0,0,0,0,0,1,0,0,0.233333,0.07878404625,1,0,0,0,0,1,0,1,1,1,0,0,0,0,0,0,0,0,222,1026,1248,1254.2294011874071
16,1,0,0,0,0,0,0,0,0,0,0,0,2011,1,0,0,0,0,0,0,0,0,0.231667,0.09115446375,1,0,0,0,1,1,1,0,0,0,0,0,0,0,0,0,0,0,251,953,1204,1180.5129713368824
17,1,0,0,0,0,0,0,0,0,0,0,0,2011,0,1,0,0,0,0,0,1,0,0.175833,0.1042841375,1,0,0,0,0,1,0,1,1,1,0,0,0,0,0,0,0,0,117,883,1000,1083.30951282324
18,1,0,0,0,0,0,0,0,0,0,0,0,2011,0,0,1,0,0,0,0,0,1,0.216667,0.12647117392499999,1,0,0,0,0,1,0,1,1,1,0,0,0,0,0,0,0,0,9,674,683,1069.415567132838
19,1,0,0,0,0,0,0,0,0,0,0,0,2011,0,0,0,1,0,0,0,0,1,0.292174,0.154516843263,1,0,0,0,0,1,0,1,1,1,0,0,0,0,0,0,0,0,78,1572,1650,1441.9371885752737
20,1,0,0,0,0,0,0,0,0,0,0,0,2011,0,0,0,0,1,0,0,0,1,0.261667,0.10546158803199998,1,0,0,0,0,1,0,1,1,1,0,0,0,0,0,0,0,0,83,1844,1927,1606.3959985929837
21,1,0,0,0,0,0,0,0,0,0,0,0,2011,0,0,0,0,0,1,0,0,1,0.1775,0.161460913086,1,0,0,0,1,1,1,0,0,0,0,0,0,0,0,0,0,0,75,1468,1543,1450.2508072036776
22,1,0,0,0,0,0,0,0,0,0,0,0,2011,0,0,0,0,0,0,1,0,0,0.0591304,0.068788,1,0,0,0,1,1,1,0,0,0,0,0,0,0,0,0,0,0,93,888,981,1201.356423018049
23,1,0,0,0,0,0,0,0,0,0,0,0,2011,1,0,0,0,0,0,0,0,0,0.0965217,0.10764632520000002,1,0,0,0,1,1,1,0,0,0,0,0,0,0,0,0,0,0,150,836,986,1172.8184618504692
24,1,0,0,0,0,0,0,0,0,0,0,0,2011,0,1,0,0,0,0,0,0,1,0.0973913,0.07785703587,1,0,0,0,1,1,1,0,0,0,0,0,0,0,0,0,0,0,86,1330,1416,1331.0989625333589
25,1,0,0,0,0,0,0,0,0,0,0,0,2011,0,0,1,0,0,0,0,0,1,0.223478,0.08007855077199999,1,0,0,0,0,1,0,1,1,1,0,0,0,0,0,0,0,0,186,1799,1985,1404.4784257496071
26,1,0,0,0,0,0,0,0,0,0,0,0,2011,0,0,0,1,0,0,0,0,1,0.2175,0.253445625,1,0,0,0,0,0,0,0,0,0,1,1,1,1,0,0,1,0,34,472,506,897.3363147154627
27,1,0,0,0,0,0,0,0,0,0,0,0,2011,0,0,0,0,1,0,0,0,1,0.195,0.07826293749999999,1,0,0,0,1,1,1,0,0,0,0,0,0,0,0,0,0,0,15,416,431,781.530518396781
28,1,0,0,0,0,0,0,0,0,0,0,0,2011,0,0,0,0,0,1,0,0,1,0.203478,0.09778220190000002,1,0,0,0,0,1,0,1,1,1,0,0,0,0,0,0,0,0,38,1129,1167,1016.25524047488
29,1,0,0,0,0,0,0,0,0,0,0,0,2011,0,0,0,0,0,0,1,0,0,0.196522,0.09474003973499999,1,0,0,0,1,1,1,0,0,0,0,0,0,0,0,0,0,0,123,975,1098,1100.2352030278594
30,1,0,0,0,0,0,0,0,0,0,0,0,2011,1,0,0,0,0,0,0,0,0,0.216522,0.0534283101724,1,0,0,0,1,1,1,0,0,0,0,0,0,0,0,0,0,0,140,956,1096,1186.4503686086978
31,1,0,0,0,0,0,0,0,0,0,0,0,2011,0,1,0,0,0,0,0,0,1,0.180833,0.11301717,1,0,0,0,0,1,0,1,1,1,0,0,0,0,0,0,0,0,42,1459,1501,1363.1159027982342
1,0,1,0,0,0,0,0,0,0,0,0,0,2011,0,0,1,0,0,0,0,0,1,0.192174,0.044143642345000005,1,0,0,0,0,1,0,1,1,1,0,0,0,0,0,0,0,0,47,1313,1360,1401.8973397860047
2,0,1,0,0,0,0,0,0,0,0,0,0,2011,0,0,0,1,0,0,0,0,1,0.26,0.204948916436,1,0,0,0,0,1,0,1,1,1,0,0,0,0,0,0,0,0,72,1454,1526,1482.5761165597803
3,0,1,0,0,0,0,0,0,0,0,0,0,2011,0,0,0,0,1,0,0,0,1,0.186957,0.12160704715199999,1,0,0,0,1,1,1,0,0,0,0,0,0,0,0,0,0,0,61,1489,1550,1519.8310098933362
4,0,1,0,0,0,0,0,0,0,0,0,0,2011,0,0,0,0,0,1,0,0,1,0.211304,0.074813556063,1,0,0,0,0,1,0,1,1,1,0,0,0,0,0,0,0,0,88,1620,1708,1526.9169131202282
5,0,1,0,0,0,0,0,0,0,0,0,0,2011,0,0,0,0,0,0,1,0,0,0.233333,0.149669291193,1,0,0,0,0,1,0,1,1,1,0,0,0,0,0,0,0,0,100,905,1005,1352.9197294673484
6,0,1,0,0,0,0,0,0,0,0,0,0,2011,1,0,0,0,0,0,0,0,0,0.285833,0.0805896194,1,0,0,0,1,1,1,0,0,0,0,0,0,0,0,0,0,0,354,1269,1623,1526.8422752818171
7,0,1,0,0,0,0,0,0,0,0,0,0,2011,0,1,0,0,0,0,0,0,1,0.271667,0.0335264463639,1,0,0,0,1,1,1,0,0,0,0,0,0,0,0,0,0,0,120,1592,1712,1604.6070963781033
8,0,1,0,0,0,0,0,0,0,0,0,0,2011,0,0,1,0,0,0,0,0,1,0.220833,0.19469905815,1,0,0,0,1,1,1,0,0,0,0,0,0,0,0,0,0,0,64,1466,1530,1574.979013852493
9,0,1,0,0,0,0,0,0,0,0,0,0,2011,0,0,0,1,0,0,0,0,1,0.134783,0.093434326937,1,0,0,0,0,1,0,1,1,1,0,0,0,0,0,0,0,0,53,1552,1605,1590.3299451793755
10,0,1,0,0,0,0,0,0,0,0,0,0,2011,0,0,0,0,1,0,0,0,1,0.144348,0.097072371585,1,0,0,0,1,1,1,0,0,0,0,0,0,0,0,0,0,0,47,1491,1538,1591.0108216856345
11,0,1,0,0,0,0,0,0,0,0,0,0,2011,0,0,0,0,0,1,0,0,1,0.189091,0.0549658122,1,0,0,0,1,1,1,0,0,0,0,0,0,0,0,0,0,0,149,1597,1746,1644.7025198775275
12,0,1,0,0,0,0,0,0,0,0,0,0,2011,0,0,0,0,0,0,1,0,0,0.2225,0.11066561028899999,1,0,0,0,1,1,1,0,0,0,0,0,0,0,0,0,0,0,288,1184,1472,1597.0967379469485
13,0,1,0,0,0,0,0,0,0,0,0,0,2011,1,0,0,0,0,0,0,0,0,0.316522,0.11932553625299999,1,0,0,0,1,1,1,0,0,0,0,0,0,0,0,0,0,0,397,1192,1589,1674.5876939633174
15,0,1,0,0,0,0,0,0,0,0,0,0,2011,0,0,1,0,0,0,0,0,1,0.266087,0.09159283415200001,1,0,0,0,1,1,1,0,0,0,0,0,0,0,0,0,0,0,140,1675,1815,1925.4113378656948
16,0,1,0,0,0,0,0,0,0,0,0,0,2011,0,0,0,1,0,0,0,0,1,0.318261,0.106627949098,1,0,0,0,1,1,1,0,0,0,0,0,0,0,0,0,0,0,218,1897,2115,2123.5676696540804
17,0,1,0,0,0,0,0,0,0,0,0,0,2011,0,0,0,0,1,0,0,0,1,0.435833,0.11620252,1,0,0,0,1,1,1,0,0,0,0,0,0,0,0,0,0,0,259,2216,2475,2330.291671096547
18,0,1,0,0,0,0,0,0,0,0,0,0,2011,0,0,0,0,0,1,0,0,1,0.521667,0.136878004975,1,0,0,0,1,1,1,0,0,0,0,0,0,0,0,0,0,0,579,2348,2927,2392.30734363556
20,0,1,0,0,0,0,0,0,0,0,0,0,2011,1,0,0,0,0,0,0,0,0,0.285217,0.09104103711,1,0,0,0,1,1,1,0,0,0,0,0,0,0,0,0,0,0,639,1173,1812,1731.58373579484
21,0,1,0,0,0,0,0,0,0,0,0,0,2011,0,1,0,0,0,0,0,1,0,0.303333,0.18624683,1,0,0,0,0,1,0,1,1,1,0,0,0,0,0,0,0,0,195,912,1107,1463.1208475743872
22,0,1,0,0,0,0,0,0,0,0,0,0,2011,0,0,1,0,0,0,0,0,1,0.182222,0.113061332374,1,0,0,0,1,1,1,0,0,0,0,0,0,0,0,0,0,0,74,1376,1450,1550.7788069283215
23,0,1,0,0,0,0,0,0,0,0,0,0,2011,0,0,0,1,0,0,0,0,1,0.221739,0.039813845859000004,1,0,0,0,1,1,1,0,0,0,0,0,0,0,0,0,0,0,139,1778,1917,1739.2155732105775
24,0,1,0,0,0,0,0,0,0,0,0,0,2011,0,0,0,0,1,0,0,0,1,0.295652,0.174693655936,1,0,0,0,0,1,0,1,1,1,0,0,0,0,0,0,0,0,100,1707,1807,1749.867912703411
25,0,1,0,0,0,0,0,0,0,0,0,0,2011,0,0,0,0,0,1,0,0,1,0.364348,0.24679606578599997,1,0,0,0,0,1,0,1,1,1,0,0,0,0,0,0,0,0,120,1341,1461,1703.3881648996555
26,0,1,0,0,0,0,0,0,0,0,0,0,2011,0,0,0,0,0,0,1,0,0,0.2825,0.100359712607,1,0,0,0,1,1,1,0,0,0,0,0,0,0,0,0,0,0,424,1545,1969,1899.2965819955564
27,0,1,0,0,0,0,0,0,0,0,0,0,2011,1,0,0,0,0,0,0,0,0,0.343478,0.08516864,1,0,0,0,1,1,1,0,0,0,0,0,0,0,0,0,0,0,694,1708,2402,2025.5015810870132
28,0,1,0,0,0,0,0,0,0,0,0,0,2011,0,1,0,0,0,0,0,0,1,0.407273,0.253870381704,1,0,0,0,0,1,0,1,1,1,0,0,0,0,0,0,0,0,81,1365,1446,1775.2081612654838
1,0,0,1,0,0,0,0,0,0,0,0,0,2011,0,0,1,0,0,0,0,0,1,0.266667,0.11578737500000001,1,0,0,0,1,1,1,0,0,0,0,0,0,0,0,0,0,0,137,1714,1851,1854.1229027094373
2,0,0,1,0,0,0,0,0,0,0,0,0,2011,0,0,0,1,0,0,0,0,1,0.335,0.138396483639,1,0,0,0,1,1,1,0,0,0,0,0,0,0,0,0,0,0,231,1903,2134,1936.160546862829
3,0,0,1,0,0,0,0,0,0,0,0,0,2011,0,0,0,0,1,0,0,0,1,0.198333,0.071864948082,1,0,0,0,1,1,1,0,0,0,0,0,0,0,0,0,0,0,123,1562,1685,1820.3587378790496
4,0,0,1,0,0,0,0,0,0,0,0,0,2011,0,0,0,0,0,1,0,0,1,0.261667,0.124125855282,1,0,0,0,0,1,0,1,1,1,0,0,0,0,0,0,0,0,214,1730,1944,1839.9156667743205
5,0,0,1,0,0,0,0,0,0,0,0,0,2011,0,0,0,0,0,0,1,0,0,0.384167,0.19876828145699998,1,0,0,0,0,1,0,1,1,1,0,0,0,0,0,0,0,0,640,1437,2077,1755.3882624439118
6,0,0,1,0,0,0,0,0,0,0,0,0,2011,1,0,0,0,0,0,0,0,0,0.376522,0.325525673907,1,0,0,0,0,1,0,1,1,1,0,0,0,0,0,0,0,0,114,491,605,1349.2491205574145
7,0,0,1,0,0,0,0,0,0,0,0,0,2011,0,1,0,0,0,0,0,0,1,0.261739,0.188188723008,1,0,0,0,1,1,1,0,0,0,0,0,0,0,0,0,0,0,244,1628,1872,1687.3590992283316
8,0,0,1,0,0,0,0,0,0,0,0,0,2011,0,0,1,0,0,0,0,0,1,0.2925,0.05077350145,1,0,0,0,1,1,1,0,0,0,0,0,0,0,0,0,0,0,316,1817,2133,1840.82817712758
9,0,0,1,0,0,0,0,0,0,0,0,0,2011,0,0,0,1,0,0,0,0,1,0.295833,0.17070805255000002,1,0,0,0,0,1,0,1,1,1,0,0,0,0,0,0,0,0,191,1700,1891,1702.1254321544088
11,0,0,1,0,0,0,0,0,0,0,0,0,2011,0,0,0,0,0,1,0,0,1,0.316522,0.15132915805,1,0,0,0,0,1,0,1,1,1,0,0,0,0,0,0,0,0,247,1730,1977,1798.5189258525302
12,0,0,1,0,0,0,0,0,0,0,0,0,2011,0,0,0,0,0,0,1,0,0,0.329167,0.131269061825,1,0,0,0,1,1,1,0,0,0,0,0,0,0,0,0,0,0,724,1408,2132,2044.008658221944
13,0,0,1,0,0,0,0,0,0,0,0,0,2011,1,0,0,0,0,0,0,0,0,0.384348,0.142714114164,1,0,0,0,1,1,1,0,0,0,0,0,0,0,0,0,0,0,982,1435,2417,2201.507048813301
14,0,0,1,0,0,0,0,0,0,0,0,0,2011,0,1,0,0,0,0,0,0,1,0.325217,0.068046334182,1,0,0,0,1,1,1,0,0,0,0,0,0,0,0,0,0,0,359,1687,2046,2143.5124882179603
15,0,0,1,0,0,0,0,0,0,0,0,0,2011,0,0,1,0,0,0,0,0,1,0.317391,0.120842564468,1,0,0,0,0,1,0,1,1,1,0,0,0,0,0,0,0,0,289,1767,2056,2183.030415840579
16,0,0,1,0,0,0,0,0,0,0,0,0,2011,0,0,0,1,0,0,0,0,1,0.365217,0.15772481907400002,1,0,0,0,0,1,0,1,1,1,0,0,0,0,0,0,0,0,321,1871,2192,2349.578759303777
17,0,0,1,0,0,0,0,0,0,0,0,0,2011,0,0,0,0,1,0,0,0,1,0.415,0.126358741943,1,0,0,0,1,1,1,0,0,0,0,0,0,0,0,0,0,0,424,2320,2744,2673.705862070752
18,0,0,1,0,0,0,0,0,0,0,0,0,2011,0,0,0,0,0,1,0,0,1,0.54,0.121334055689,1,0,0,0,1,1,1,0,0,0,0,0,0,0,0,0,0,0,884,2355,3239,2927.538826908479
19,0,0,1,0,0,0,0,0,0,0,0,0,2011,0,0,0,0,0,0,1,0,0,0.4725,0.139596776889,1,0,0,0,1,1,1,0,0,0,0,0,0,0,0,0,0,0,1424,1693,3117,2869.910618654686
20,0,0,1,0,0,0,0,0,0,0,0,0,2011,1,0,0,0,0,0,0,0,0,0.3325,0.09840782375,1,0,0,0,1,1,1,0,0,0,0,0,0,0,0,0,0,0,1047,1424,2471,2565.1930290555792
21,0,0,1,0,0,0,0,0,0,0,0,0,2011,0,1,0,0,0,0,0,0,1,0.430435,0.212945985153,0,1,0,0,0,1,0,1,1,1,0,0,0,0,0,0,0,0,401,1676,2077,2354.6684685120517
22,0,0,1,0,0,0,0,0,0,0,0,0,2011,0,0,1,0,0,0,0,0,1,0.441667,0.14099961225000002,0,1,0,0,1,1,1,0,0,0,0,0,0,0,0,0,0,0,460,2243,2703,2421.812376480575
23,0,0,1,0,0,0,0,0,0,0,0,0,2011,0,0,0,1,0,0,0,0,1,0.346957,0.196677336465,0,1,0,0,0,1,0,1,1,1,0,0,0,0,0,0,0,0,203,1918,2121,2207.768660929674
24,0,0,1,0,0,0,0,0,0,0,0,0,2011,0,0,0,0,1,0,0,0,1,0.285,0.196451609571,0,1,0,0,0,1,0,1,1,1,0,0,0,0,0,0,0,0,166,1699,1865,2080.493606308447
25,0,0,1,0,0,0,0,0,0,0,0,0,2011,0,0,0,0,0,1,0,0,1,0.264167,0.114208875,0,1,0,0,1,1,1,0,0,0,0,0,0,0,0,0,0,0,300,1910,2210,2168.7121579956665
26,0,0,1,0,0,0,0,0,0,0,0,0,2011,0,0,0,0,0,0,1,0,0,0.265833,0.082605972357,0,1,0,0,1,1,1,0,0,0,0,0,0,0,0,0,0,0,981,1515,2496,2215.6428676785526
27,0,0,1,0,0,0,0,0,0,0,0,0,2011,1,0,0,0,0,0,0,0,0,0.253043,0.0910281659,0,1,0,0,0,1,0,1,1,1,0,0,0,0,0,0,0,0,472,1221,1693,1982.2164450399916
28,0,0,1,0,0,0,0,0,0,0,0,0,2011,0,1,0,0,0,0,0,0,1,0.264348,0.064122531496,0,1,0,0,1,1,1,0,0,0,0,0,0,0,0,0,0,0,222,1806,2028,2038.0064674414216
29,0,0,1,0,0,0,0,0,0,0,0,0,2011,0,0,1,0,0,0,0,0,1,0.3025,0.07131465233199999,0,1,0,0,1,1,1,0,0,0,0,0,0,0,0,0,0,0,317,2108,2425,2103.802957284274
30,0,0,1,0,0,0,0,0,0,0,0,0,2011,0,0,0,1,0,0,0,0,1,0.3,0.11180096429599999,0,1,0,0,0,1,0,1,1,1,0,0,0,0,0,0,0,0,168,1368,1536,1848.402404411399
31,0,0,1,0,0,0,0,0,0,0,0,0,2011,0,0,0,0,1,0,0,0,1,0.268333,0.199871504118,0,1,0,0,0,0,0,0,0,0,1,1,1,1,0,0,1,0,179,1506,1685,1905.404255949923
1,0,0,0,1,0,0,0,0,0,0,0,0,2011,0,0,0,0,0,1,0,0,1,0.3,0.177538365,0,1,0,0,0,1,0,1,1,1,0,0,0,0,0,0,0,0,307,1920,2227,2182.8103634383706
2,0,0,0,1,0,0,0,0,0,0,0,0,2011,0,0,0,0,0,0,1,0,0,0.315,0.1288841975,0,1,0,0,0,1,0,1,1,1,0,0,0,0,0,0,0,0,898,1354,2252,2416.026834365189
3,0,0,0,1,0,0,0,0,0,0,0,0,2011,1,0,0,0,0,0,0,0,0,0.378333,0.08746224,0,1,0,0,1,1,1,0,0,0,0,0,0,0,0,0,0,0,1651,1598,3249,2813.270139657197
6,0,0,0,1,0,0,0,0,0,0,0,0,2011,0,0,0,1,0,0,0,0,1,0.390833,0.123858741479,0,1,0,0,1,1,1,0,0,0,0,0,0,0,0,0,0,0,413,2395,2808,2618.4582578796285
7,0,0,0,1,0,0,0,0,0,0,0,0,2011,0,0,0,0,1,0,0,0,1,0.4375,0.09786066410400002,0,1,0,0,1,1,1,0,0,0,0,0,0,0,0,0,0,0,571,2570,3141,2651.2941594768745
8,0,0,0,1,0,0,0,0,0,0,0,0,2011,0,0,0,0,0,1,0,0,1,0.335833,0.18982206000000001,0,1,0,0,0,1,0,1,1,1,0,0,0,0,0,0,0,0,172,1299,1471,2194.424220550995
9,0,0,0,1,0,0,0,0,0,0,0,0,2011,0,0,0,0,0,0,1,0,0,0.3425,0.1167803325,0,1,0,0,0,1,0,1,1,1,0,0,0,0,0,0,0,0,879,1576,2455,2460.9785021761104
10,0,0,0,1,0,0,0,0,0,0,0,0,2011,1,0,0,0,0,0,0,0,0,0.426667,0.12585270250000002,0,1,0,0,0,1,0,1,1,1,0,0,0,0,0,0,0,0,1188,1707,2895,2733.511285977336
11,0,0,0,1,0,0,0,0,0,0,0,0,2011,0,1,0,0,0,0,0,0,1,0.595652,0.232633581144,0,1,0,0,0,1,0,1,1,1,0,0,0,0,0,0,0,0,855,2493,3348,2844.5553557558983
12,0,0,0,1,0,0,0,0,0,0,0,0,2011,0,0,1,0,0,0,0,0,1,0.5025,0.203181485793,0,1,0,0,0,1,0,1,1,1,0,0,0,0,0,0,0,0,257,1777,2034,2452.154781290358
13,0,0,0,1,0,0,0,0,0,0,0,0,2011,0,0,0,1,0,0,0,0,1,0.4125,0.20529717603899997,0,1,0,0,0,1,0,1,1,1,0,0,0,0,0,0,0,0,209,1953,2162,2477.9089881151767
14,0,0,0,1,0,0,0,0,0,0,0,0,2011,0,0,0,0,1,0,0,0,1,0.4675,0.059824161900000006,0,1,0,0,1,1,1,0,0,0,0,0,0,0,0,0,0,0,529,2738,3267,2819.5721830551715
15,0,0,0,1,0,0,0,0,0,0,0,0,2011,0,0,0,0,0,1,0,1,0,0.446667,0.15195421875,0,1,0,0,1,1,1,0,0,0,0,0,0,0,0,0,0,0,642,2484,3126,2713.807561050338
16,0,0,0,1,0,0,0,0,0,0,0,0,2011,0,0,0,0,0,0,1,0,0,0.430833,0.302750993064,0,1,0,0,0,0,0,0,0,0,1,1,1,1,0,0,1,0,121,674,795,2195.850500095842
17,0,0,0,1,0,0,0,0,0,0,0,0,2011,1,0,0,0,0,0,0,0,0,0.456667,0.145551522168,0,1,0,0,1,1,1,0,0,0,0,0,0,0,0,0,0,0,1558,2186,3744,3078.743939237188
18,0,0,0,1,0,0,0,0,0,0,0,0,2011,0,1,0,0,0,0,0,0,1,0.5125,0.0887350975,0,1,0,0,1,1,1,0,0,0,0,0,0,0,0,0,0,0,669,2760,3429,3296.3813176157223
19,0,0,0,1,0,0,0,0,0,0,0,0,2011,0,0,1,0,0,0,0,0,1,0.505833,0.10518230484300001,0,1,0,0,0,1,0,1,1,1,0,0,0,0,0,0,0,0,409,2795,3204,3381.400013609979
20,0,0,0,1,0,0,0,0,0,0,0,0,2011,0,0,0,1,0,0,0,0,1,0.595,0.148582351475,0,1,0,0,1,1,1,0,0,0,0,0,0,0,0,0,0,0,613,3331,3944,3643.818723214215
21,0,0,0,1,0,0,0,0,0,0,0,0,2011,0,0,0,0,1,0,0,0,1,0.459167,0.132407002414,0,1,0,0,1,1,1,0,0,0,0,0,0,0,0,0,0,0,745,3444,4189,3606.0561560326655
22,0,0,0,1,0,0,0,0,0,0,0,0,2011,0,0,0,0,0,1,0,0,1,0.336667,0.160158789743,0,1,0,0,0,1,0,1,1,1,0,0,0,0,0,0,0,0,177,1506,1683,2985.349744883784
23,0,0,0,1,0,0,0,0,0,0,0,0,2011,0,0,0,0,0,0,1,0,0,0.46,0.204864649825,0,1,0,0,0,1,0,1,1,1,0,0,0,0,0,0,0,0,1462,2574,4036,3666.9930786186856
24,0,0,0,1,0,0,0,0,0,0,0,0,2011,1,0,0,0,0,0,0,0,0,0.581667,0.155821831775,0,1,0,0,0,1,0,1,1,1,0,0,0,0,0,0,0,0,1710,2481,4191,3979.629490972273
25,0,0,0,1,0,0,0,0,0,0,0,0,2011,0,1,0,0,0,0,0,0,1,0.606667,0.143942025111,0,1,0,0,1,1,1,0,0,0,0,0,0,0,0,0,0,0,773,3300,4073,4080.895394298133
26,0,0,0,1,0,0,0,0,0,0,0,0,2011,0,0,1,0,0,0,0,0,1,0.631667,0.2380730255,0,1,0,0,1,1,1,0,0,0,0,0,0,0,0,0,0,0,678,3722,4400,4190.056691922125
27,0,0,0,1,0,0,0,0,0,0,0,0,2011,0,0,0,1,0,0,0,0,1,0.62,0.2608171874,0,1,0,0,0,1,0,1,1,1,0,0,0,0,0,0,0,0,547,3325,3872,4089.27468146824
28,0,0,0,1,0,0,0,0,0,0,0,0,2011,0,0,0,0,1,0,0,0,1,0.6175,0.22490291636400003,0,1,0,0,0,1,0,1,1,1,0,0,0,0,0,0,0,0,569,3489,4058,4205.767352482596
29,0,0,0,1,0,0,0,0,0,0,0,0,2011,0,0,0,0,0,1,0,0,1,0.51,0.109728716229,0,1,0,0,1,1,1,0,0,0,0,0,0,0,0,0,0,0,878,3717,4595,4470.027375979547
30,0,0,0,1,0,0,0,0,0,0,0,0,2011,0,0,0,0,0,0,1,0,0,0.4725,0.118321004975,0,1,0,0,1,1,1,0,0,0,0,0,0,0,0,0,0,0,1965,3347,5312,4609.314775456045
1,0,0,0,0,1,0,0,0,0,0,0,0,2011,1,0,0,0,0,0,0,0,0,0.451667,0.081050575382,0,1,0,0,0,1,0,1,1,1,0,0,0,0,0,0,0,0,1138,2213,3351,4045.916950388588
2,0,0,0,0,1,0,0,0,0,0,0,0,2011,0,1,0,0,0,0,0,0,1,0.549167,0.13392142,0,1,0,0,0,1,0,1,1,1,0,0,0,0,0,0,0,0,847,3554,4401,4177.436075709718
3,0,0,0,0,1,0,0,0,0,0,0,0,2011,0,0,1,0,0,0,0,0,1,0.616667,0.238867340361,0,1,0,0,0,1,0,1,1,1,0,0,0,0,0,0,0,0,603,3848,4451,4085.391276740569
4,0,0,0,0,1,0,0,0,0,0,0,0,2011,0,0,0,1,0,0,0,0,1,0.414167,0.242497358668,0,1,0,0,0,1,0,1,1,1,0,0,0,0,0,0,0,0,255,2378,2633,3627.737754511988
5,0,0,0,0,1,0,0,0,0,0,0,0,2011,0,0,0,0,1,0,0,0,1,0.459167,0.131203378464,0,1,0,0,1,1,1,0,0,0,0,0,0,0,0,0,0,0,614,3819,4433,4164.821986795394
6,0,0,0,0,1,0,0,0,0,0,0,0,2011,0,0,0,0,0,1,0,0,1,0.479167,0.13466514,0,1,0,0,1,1,1,0,0,0,0,0,0,0,0,0,0,0,894,3714,4608,4433.728205874196
7,0,0,0,0,1,0,0,0,0,0,0,0,2011,0,0,0,0,0,0,1,0,0,0.52,0.08684356250000001,0,1,0,0,1,1,1,0,0,0,0,0,0,0,0,0,0,0,1612,3102,4714,4528.362630827191
8,0,0,0,0,1,0,0,0,0,0,0,0,2011,1,0,0,0,0,0,0,0,0,0.528333,0.047146045712499994,0,1,0,0,1,1,1,0,0,0,0,0,0,0,0,0,0,0,1401,2932,4333,4437.359686607378
9,0,0,0,0,1,0,0,0,0,0,0,0,2011,0,1,0,0,0,0,0,0,1,0.5325,0.10361999999999999,0,1,0,0,1,1,1,0,0,0,0,0,0,0,0,0,0,0,664,3698,4362,4450.716428994943
10,0,0,0,0,1,0,0,0,0,0,0,0,2011,0,0,1,0,0,0,0,0,1,0.5325,0.056582436057,0,1,0,0,1,1,1,0,0,0,0,0,0,0,0,0,0,0,694,4109,4803,4552.789600377452
11,0,0,0,0,1,0,0,0,0,0,0,0,2011,0,0,0,1,0,0,0,0,1,0.5425,0.07635637271399999,0,1,0,0,1,1,1,0,0,0,0,0,0,0,0,0,0,0,550,3632,4182,4404.652372137412
12,0,0,0,0,1,0,0,0,0,0,0,0,2011,0,0,0,0,1,0,0,0,1,0.535,0.1417760825,0,1,0,0,1,1,1,0,0,0,0,0,0,0,0,0,0,0,695,4169,4864,4479.167516034785
13,0,0,0,0,1,0,0,0,0,0,0,0,2011,0,0,0,0,0,1,0,0,1,0.5125,0.155162523425,0,1,0,0,0,1,0,1,1,1,0,0,0,0,0,0,0,0,692,3413,4105,4168.850175966943
14,0,0,0,0,1,0,0,0,0,0,0,0,2011,0,0,0,0,0,0,1,0,0,0.520833,0.12449137499999999,0,1,0,0,0,1,0,1,1,1,0,0,0,0,0,0,0,0,902,2507,3409,3922.3830118660426
15,0,0,0,0,1,0,0,0,0,0,0,0,2011,1,0,0,0,0,0,0,0,0,0.5625,0.132645490257,0,1,0,0,0,1,0,1,1,1,0,0,0,0,0,0,0,0,1582,2971,4553,4189.298859631185
16,0,0,0,0,1,0,0,0,0,0,0,0,2011,0,1,0,0,0,0,0,0,1,0.5775,0.09996381770700001,0,1,0,0,1,1,1,0,0,0,0,0,0,0,0,0,0,0,773,3185,3958,4092.513567027513
17,0,0,0,0,1,0,0,0,0,0,0,0,2011,0,0,1,0,0,0,0,0,1,0.561667,0.232399631618,0,1,0,0,0,1,0,1,1,1,0,0,0,0,0,0,0,0,678,3445,4123,4130.241841451354
18,0,0,0,0,1,0,0,0,0,0,0,0,2011,0,0,0,1,0,0,0,0,1,0.55,0.17529804000000002,0,1,0,0,0,1,0,1,1,1,0,0,0,0,0,0,0,0,536,3319,3855,4175.211957326549
19,0,0,0,0,1,0,0,0,0,0,0,0,2011,0,0,0,0,1,0,0,0,1,0.530833,0.089771665179,0,1,0,0,0,1,0,1,1,1,0,0,0,0,0,0,0,0,735,3840,4575,4540.394030528293
20,0,0,0,0,1,0,0,0,0,0,0,0,2011,0,0,0,0,0,1,0,0,1,0.536667,0.089957229579,0,1,0,0,1,1,1,0,0,0,0,0,0,0,0,0,0,0,909,4008,4917,4870.97013425833
21,0,0,0,0,1,0,0,0,0,0,0,0,2011,0,0,0,0,0,0,1,0,0,0.6025,0.07560737355,0,1,0,0,1,1,1,0,0,0,0,0,0,0,0,0,0,0,2258,3547,5805,5155.516372246699
22,0,0,0,0,1,0,0,0,0,0,0,0,2011,1,0,0,0,0,0,0,0,0,0.604167,0.110944280664,0,1,0,0,1,1,1,0,0,0,0,0,0,0,0,0,0,0,1576,3084,4660,4790.578982481766
23,0,0,0,0,1,0,0,0,0,0,0,0,2011,0,1,0,0,0,0,0,0,1,0.631667,0.18941202000000001,0,1,0,0,0,1,0,1,1,1,0,0,0,0,0,0,0,0,836,3438,4274,4556.220575198599
24,0,0,0,0,1,0,0,0,0,0,0,0,2011,0,0,1,0,0,0,0,0,1,0.66,0.153420587636,0,1,0,0,0,1,0,1,1,1,0,0,0,0,0,0,0,0,659,3833,4492,4604.082743114032
25,0,0,0,0,1,0,0,0,0,0,0,0,2011,0,0,0,1,0,0,0,0,1,0.660833,0.10738472625,0,1,0,0,1,1,1,0,0,0,0,0,0,0,0,0,0,0,740,4238,4978,4764.027654143497
26,0,0,0,0,1,0,0,0,0,0,0,0,2011,0,0,0,0,1,0,0,0,1,0.708333,0.135257455,0,1,0,0,1,1,1,0,0,0,0,0,0,0,0,0,0,0,758,3919,4677,4710.000219316458
27,0,0,0,0,1,0,0,0,0,0,0,0,2011,0,0,0,0,0,1,0,0,1,0.681667,0.15734389625,0,1,0,0,1,1,1,0,0,0,0,0,0,0,0,0,0,0,871,3808,4679,4688.973003805878
28,0,0,0,0,1,0,0,0,0,0,0,0,2011,0,0,0,0,0,0,1,0,0,0.655833,0.167871211636,0,1,0,0,1,1,1,0,0,0,0,0,0,0,0,0,0,0,2001,2757,4758,4677.918792101175
30,0,0,0,0,1,0,0,0,0,0,0,0,2011,0,1,0,0,0,0,0,1,0,0.733333,0.08988912500000001,0,1,0,0,1,1,1,0,0,0,0,0,0,0,0,0,0,0,1549,2549,4098,4294.43132539177
31,0,0,0,0,1,0,0,0,0,0,0,0,2011,0,0,1,0,0,0,0,0,1,0.775,0.070879500443,0,1,0,0,1,1,1,0,0,0,0,0,0,0,0,0,0,0,673,3309,3982,4198.5106036776615
1,0,0,0,0,0,1,0,0,0,0,0,0,2011,0,0,0,1,0,0,0,0,1,0.764167,0.14021847263599999,0,1,0,0,0,1,0,1,1,1,0,0,0,0,0,0,0,0,513,3461,3974,4319.100485641215
2,0,0,0,0,0,1,0,0,0,0,0,0,2011,0,0,0,0,1,0,0,0,1,0.715,0.089147535,0,1,0,0,1,1,1,0,0,0,0,0,0,0,0,0,0,0,736,4232,4968,4784.790853245982
3,0,0,0,0,0,1,0,0,0,0,0,0,2011,0,0,0,0,0,1,0,0,1,0.62,0.08964710520699999,0,1,0,0,1,1,1,0,0,0,0,0,0,0,0,0,0,0,898,4414,5312,5067.272074096732
4,0,0,0,0,0,1,0,0,0,0,0,0,2011,0,0,0,0,0,0,1,0,0,0.635,0.0561835375,0,1,0,0,1,1,1,0,0,0,0,0,0,0,0,0,0,0,1869,3473,5342,5105.025369044211
5,0,0,0,0,0,1,0,0,0,0,0,0,2011,1,0,0,0,0,0,0,0,0,0.648333,0.09049653,0,1,0,0,0,1,0,1,1,1,0,0,0,0,0,0,0,0,1685,3221,4906,4905.804033035903
6,0,0,0,0,0,1,0,0,0,0,0,0,2011,0,1,0,0,0,0,0,0,1,0.678333,0.0731376,0,1,0,0,1,1,1,0,0,0,0,0,0,0,0,0,0,0,673,3875,4548,4706.3867300634965
7,0,0,0,0,0,1,0,0,0,0,0,0,2011,0,0,1,0,0,0,0,0,1,0.7075,0.11229359593600001,0,1,0,0,1,1,1,0,0,0,0,0,0,0,0,0,0,0,763,4070,4833,4665.356157154586
8,0,0,0,0,0,1,0,0,0,0,0,0,2011,0,0,0,1,0,0,0,0,1,0.775833,0.08511152981100001,0,1,0,0,1,1,1,0,0,0,0,0,0,0,0,0,0,0,676,3725,4401,4456.681741400261
9,0,0,0,0,0,1,0,0,0,0,0,0,2011,0,0,0,0,1,0,0,0,1,0.808333,0.08518345503899999,0,1,0,0,0,1,0,1,1,1,0,0,0,0,0,0,0,0,563,3352,3915,4303.689067046197
10,0,0,0,0,0,1,0,0,0,0,0,0,2011,0,0,0,0,0,1,0,0,1,0.755,0.08503517000000001,0,1,0,0,1,1,1,0,0,0,0,0,0,0,0,0,0,0,815,3771,4586,4539.38545973833
11,0,0,0,0,0,1,0,0,0,0,0,0,2011,0,0,0,0,0,0,1,0,0,0.725,0.10136217755,0,1,0,0,1,1,1,0,0,0,0,0,0,0,0,0,0,0,1729,3237,4966,4728.467312168793
12,0,0,0,0,0,1,0,0,0,0,0,0,2011,1,0,0,0,0,0,0,0,0,0.6925,0.122334539939,0,1,0,0,1,1,1,0,0,0,0,0,0,0,0,0,0,0,1467,2993,4460,4680.01647676805
13,0,0,0,0,0,1,0,0,0,0,0,0,2011,0,1,0,0,0,0,0,0,1,0.635,0.15102091905,0,1,0,0,1,1,1,0,0,0,0,0,0,0,0,0,0,0,863,4157,5020,4851.582118135358
14,0,0,0,0,0,1,0,0,0,0,0,0,2011,0,0,1,0,0,0,0,0,1,0.604167,0.136548831489,0,1,0,0,1,1,1,0,0,0,0,0,0,0,0,0,0,0,727,4164,4891,4854.729877638022
15,0,0,0,0,0,1,0,0,0,0,0,0,2011,0,0,0,1,0,0,0,0,1,0.626667,0.079198549304,0,1,0,0,1,1,1,0,0,0,0,0,0,0,0,0,0,0,769,4411,5180,4821.607514778708
16,0,0,0,0,0,1,0,0,0,0,0,0,2011,0,0,0,0,1,0,0,0,1,0.628333,0.142120802843,0,1,0,0,0,1,0,1,1,1,0,0,0,0,0,0,0,0,545,3222,3767,4430.092666698102
17,0,0,0,0,0,1,0,0,0,0,0,0,2011,0,0,0,0,0,1,0,0,1,0.649167,0.10524545815699998,0,1,0,0,1,1,1,0,0,0,0,0,0,0,0,0,0,0,863,3981,4844,4701.670485315599
18,0,0,0,0,0,1,0,0,0,0,0,0,2011,0,0,0,0,0,0,1,0,0,0.696667,0.080053153136,0,1,0,0,1,1,1,0,0,0,0,0,0,0,0,0,0,0,1807,3312,5119,4830.918789248695
19,0,0,0,0,0,1,0,0,0,0,0,0,2011,1,0,0,0,0,0,0,0,0,0.699167,0.068000034,0,1,0,0,0,1,0,1,1,1,0,0,0,0,0,0,0,0,1639,3105,4744,4672.085882430486
20,0,0,0,0,0,1,0,0,0,0,0,0,2011,0,1,0,0,0,0,0,0,1,0.635,0.11602321874999999,0,1,0,0,0,1,0,1,1,1,0,0,0,0,0,0,0,0,699,3311,4010,4441.338858042763
21,0,0,0,0,0,1,0,0,0,0,0,0,2011,0,0,1,0,0,0,0,0,1,0.680833,0.131760567425,0,0,1,0,0,1,0,1,1,1,0,0,0,0,0,0,0,0,774,4061,4835,4641.930691697803
22,0,0,0,0,0,1,0,0,0,0,0,0,2011,0,0,0,1,0,0,0,0,1,0.733333,0.121875365,0,0,1,0,1,1,1,0,0,0,0,0,0,0,0,0,0,0,661,3846,4507,4649.4532170506445
23,0,0,0,0,0,1,0,0,0,0,0,0,2011,0,0,0,0,1,0,0,0,1,0.728333,0.167958733732,0,0,1,0,0,1,0,1,1,1,0,0,0,0,0,0,0,0,746,4044,4790,4799.428959454132
24,0,0,0,0,0,1,0,0,0,0,0,0,2011,0,0,0,0,0,1,0,0,1,0.724167,0.127294259325,0,0,1,0,1,1,1,0,0,0,0,0,0,0,0,0,0,0,969,4022,4991,4958.833661311753
25,0,0,0,0,0,1,0,0,0,0,0,0,2011,0,0,0,0,0,0,1,0,0,0.695,0.10129258014300001,0,0,1,0,1,1,1,0,0,0,0,0,0,0,0,0,0,0,1782,3420,5202,5086.072024481126
26,0,0,0,0,0,1,0,0,0,0,0,0,2011,1,0,0,0,0,0,0,0,0,0.68,0.04852706248890001,0,0,1,0,1,1,1,0,0,0,0,0,0,0,0,0,0,0,1920,3385,5305,5097.382412131626
27,0,0,0,0,0,1,0,0,0,0,0,0,2011,0,1,0,0,0,0,0,0,1,0.6825,0.070828730804,0,0,1,0,0,1,0,1,1,1,0,0,0,0,0,0,0,0,854,3854,4708,4901.075211913751
28,0,0,0,0,0,1,0,0,0,0,0,0,2011,0,0,1,0,0,0,0,0,1,0.744167,0.091499517261,0,0,1,0,1,1,1,0,0,0,0,0,0,0,0,0,0,0,732,3916,4648,4897.843223609627
29,0,0,0,0,0,1,0,0,0,0,0,0,2011,0,0,0,1,0,0,0,0,1,0.728333,0.13036512685700002,0,0,1,0,1,1,1,0,0,0,0,0,0,0,0,0,0,0,848,4377,5225,5144.454458915128
30,0,0,0,0,0,1,0,0,0,0,0,0,2011,0,0,0,0,1,0,0,0,1,0.696667,0.08045635510400001,0,0,1,0,1,1,1,0,0,0,0,0,0,0,0,0,0,0,1027,4488,5515,5310.520153135759
1,0,0,0,0,0,0,1,0,0,0,0,0,2011,0,0,0,0,0,1,0,0,1,0.7225,0.04065842,0,0,1,0,1,1,1,0,0,0,0,0,0,0,0,0,0,0,1246,4116,5362,5272.106000492146
2,0,0,0,0,0,0,1,0,0,0,0,0,2011,0,0,0,0,0,0,1,0,0,0.738333,0.051154609146,0,0,1,0,1,1,1,0,0,0,0,0,0,0,0,0,0,0,2204,2915,5119,5143.7978483406805
3,0,0,0,0,0,0,1,0,0,0,0,0,2011,1,0,0,0,0,0,0,0,0,0.716667,0.156195585,0,0,1,0,0,1,0,1,1,1,0,0,0,0,0,0,0,0,2282,2367,4649,5040.287544529895
5,0,0,0,0,0,0,1,0,0,0,0,0,2011,0,0,1,0,0,0,0,0,1,0.746667,0.074544869586,0,0,1,0,1,1,1,0,0,0,0,0,0,0,0,0,0,0,1031,3634,4665,4900.906811217117
6,0,0,0,0,0,0,1,0,0,0,0,0,2011,0,0,0,1,0,0,0,0,1,0.72,0.11141298003899999,0,0,1,0,1,1,1,0,0,0,0,0,0,0,0,0,0,0,784,3845,4629,4709.655648402347
7,0,0,0,0,0,0,1,0,0,0,0,0,2011,0,0,0,0,1,0,0,0,1,0.75,0.10367900000000001,0,0,1,0,1,1,1,0,0,0,0,0,0,0,0,0,0,0,754,3838,4592,4599.060133989923
8,0,0,0,0,0,0,1,0,0,0,0,0,2011,0,0,0,0,0,1,0,0,1,0.709167,0.170629096293,0,0,1,0,0,1,0,1,1,1,0,0,0,0,0,0,0,0,692,3348,4040,4495.524753567423
9,0,0,0,0,0,0,1,0,0,0,0,0,2011,0,0,0,0,0,0,1,0,0,0.733333,0.10228644930400001,0,0,1,0,1,1,1,0,0,0,0,0,0,0,0,0,0,0,1988,3348,5336,4847.514126712346
10,0,0,0,0,0,0,1,0,0,0,0,0,2011,1,0,0,0,0,0,0,0,0,0.7475,0.106107333843,0,0,1,0,1,1,1,0,0,0,0,0,0,0,0,0,0,0,1743,3138,4881,4711.017626569616
11,0,0,0,0,0,0,1,0,0,0,0,0,2011,0,1,0,0,0,0,0,0,1,0.7625,0.179519181721,0,0,1,0,1,1,1,0,0,0,0,0,0,0,0,0,0,0,723,3363,4086,4404.538752996504
12,0,0,0,0,0,0,1,0,0,0,0,0,2011,0,0,1,0,0,0,0,0,1,0.794167,0.11197542841799998,0,0,1,0,1,1,1,0,0,0,0,0,0,0,0,0,0,0,662,3596,4258,4416.598632419895
13,0,0,0,0,0,0,1,0,0,0,0,0,2011,0,0,0,1,0,0,0,0,1,0.746667,0.09230739371100001,0,0,1,0,1,1,1,0,0,0,0,0,0,0,0,0,0,0,748,3594,4342,4587.2571442631815
14,0,0,0,0,0,0,1,0,0,0,0,0,2011,0,0,0,0,1,0,0,0,1,0.680833,0.11461765875,0,0,1,0,1,1,1,0,0,0,0,0,0,0,0,0,0,0,888,4196,5084,5003.172800369651
15,0,0,0,0,0,0,1,0,0,0,0,0,2011,0,0,0,0,0,1,0,0,1,0.663333,0.10810001125,0,0,1,0,1,1,1,0,0,0,0,0,0,0,0,0,0,0,1318,4220,5538,5338.261256845772
17,0,0,0,0,0,0,1,0,0,0,0,0,2011,1,0,0,0,0,0,0,0,0,0.719167,0.148040852511,0,0,1,0,1,1,1,0,0,0,0,0,0,0,0,0,0,0,2006,3296,5302,5159.571653657216
18,0,0,0,0,0,0,1,0,0,0,0,0,2011,0,1,0,0,0,0,0,0,1,0.746667,0.140542355,0,0,1,0,1,1,1,0,0,0,0,0,0,0,0,0,0,0,841,3617,4458,4703.103990803987
19,0,0,0,0,0,0,1,0,0,0,0,0,2011,0,0,1,0,0,0,0,0,1,0.776667,0.0849444602,0,0,1,0,1,1,1,0,0,0,0,0,0,0,0,0,0,0,752,3789,4541,4491.740318754743
20,0,0,0,0,0,0,1,0,0,0,0,0,2011,0,0,0,1,0,0,0,0,1,0.768333,0.080478065811,0,0,1,0,1,1,1,0,0,0,0,0,0,0,0,0,0,0,644,3688,4332,4231.1169654602445
21,0,0,0,0,0,0,1,0,0,0,0,0,2011,0,0,0,0,1,0,0,0,1,0.815,0.15347201625,0,0,1,0,0,1,0,1,1,1,0,0,0,0,0,0,0,0,632,3152,3784,3869.610577625989
22,0,0,0,0,0,0,1,0,0,0,0,0,2011,0,0,0,0,0,1,0,0,1,0.848333,0.07725350269999999,0,0,1,0,1,1,1,0,0,0,0,0,0,0,0,0,0,0,562,2825,3387,3593.714767417723
23,0,0,0,0,0,0,1,0,0,0,0,0,2011,0,0,0,0,0,0,1,0,0,0.849167,0.0656105,0,0,1,0,1,1,1,0,0,0,0,0,0,0,0,0,0,0,987,2298,3285,3524.53372462718
24,0,0,0,0,0,0,1,0,0,0,0,0,2011,1,0,0,0,0,0,0,0,0,0.83,0.09318496944299999,0,0,1,0,1,1,1,0,0,0,0,0,0,0,0,0,0,0,1050,2556,3606,3694.886406463817
25,0,0,0,0,0,0,1,0,0,0,0,0,2011,0,1,0,0,0,0,0,0,1,0.743333,0.06874942018889998,0,0,1,0,1,1,1,0,0,0,0,0,0,0,0,0,0,0,568,3272,3840,3954.125494764271
26,0,0,0,0,0,0,1,0,0,0,0,0,2011,0,0,1,0,0,0,0,0,1,0.771667,0.108306134914,0,0,1,0,1,1,1,0,0,0,0,0,0,0,0,0,0,0,750,3840,4590,4327.490077828996
27,0,0,0,0,0,0,1,0,0,0,0,0,2011,0,0,0,1,0,0,0,0,1,0.775,0.073920361571,0,0,1,0,1,1,1,0,0,0,0,0,0,0,0,0,0,0,755,3901,4656,4438.344738722717
28,0,0,0,0,0,0,1,0,0,0,0,0,2011,0,0,0,0,1,0,0,0,1,0.779167,0.10411269050699999,0,0,1,0,1,1,1,0,0,0,0,0,0,0,0,0,0,0,606,3784,4390,4331.544138339156
29,0,0,0,0,0,0,1,0,0,0,0,0,2011,0,0,0,0,0,1,0,0,1,0.838333,0.09446986499999999,0,0,1,0,1,1,1,0,0,0,0,0,0,0,0,0,0,0,670,3176,3846,4166.287676294751
30,0,0,0,0,0,0,1,0,0,0,0,0,2011,0,0,0,0,0,0,1,0,0,0.804167,0.07851009632099999,0,0,1,0,1,1,1,0,0,0,0,0,0,0,0,0,0,0,1559,2916,4475,4321.318890545096
31,0,0,0,0,0,0,1,0,0,0,0,0,2011,1,0,0,0,0,0,0,0,0,0.805833,0.079247529229,0,0,1,0,1,1,1,0,0,0,0,0,0,0,0,0,0,0,1524,2778,4302,4322.668995340537
1,0,0,0,0,0,0,0,1,0,0,0,0,2011,0,1,0,0,0,0,0,0,1,0.771667,0.086324895261,0,0,1,0,1,1,1,0,0,0,0,0,0,0,0,0,0,0,729,3537,4266,4344.688095476514
2,0,0,0,0,0,0,0,1,0,0,0,0,2011,0,0,1,0,0,0,0,0,1,0.783333,0.10112381250000001,0,0,1,0,1,1,1,0,0,0,0,0,0,0,0,0,0,0,801,4044,4845,4445.395291089006
3,0,0,0,0,0,0,0,1,0,0,0,0,2011,0,0,0,1,0,0,0,0,1,0.731667,0.0891458225,0,0,1,0,0,1,0,1,1,1,0,0,0,0,0,0,0,0,467,3107,3574,4146.497777790502
4,0,0,0,0,0,0,0,1,0,0,0,0,2011,0,0,0,0,1,0,0,0,1,0.71,0.149341125,0,0,1,0,0,1,0,1,1,1,0,0,0,0,0,0,0,0,799,3777,4576,4420.098042282501
5,0,0,0,0,0,0,0,1,0,0,0,0,2011,0,0,0,0,0,1,0,0,1,0.710833,0.116512331768,0,0,1,0,1,1,1,0,0,0,0,0,0,0,0,0,0,0,1023,3843,4866,4537.796349057003
6,0,0,0,0,0,0,0,1,0,0,0,0,2011,0,0,0,0,0,0,1,0,0,0.716667,0.17232875,0,0,1,0,0,1,0,1,1,1,0,0,0,0,0,0,0,0,1521,2773,4294,4327.291004888508
7,0,0,0,0,0,0,0,1,0,0,0,0,2011,1,0,0,0,0,0,0,0,0,0.7425,0.151702987579,0,0,1,0,1,1,1,0,0,0,0,0,0,0,0,0,0,0,1298,2487,3785,4150.07666560852
8,0,0,0,0,0,0,0,1,0,0,0,0,2011,0,1,0,0,0,0,0,0,1,0.765,0.11378355052500001,0,0,1,0,1,1,1,0,0,0,0,0,0,0,0,0,0,0,846,3480,4326,4337.938991937052
9,0,0,0,0,0,0,0,1,0,0,0,0,2011,0,0,1,0,0,0,0,0,1,0.775,0.086201987457,0,0,1,0,1,1,1,0,0,0,0,0,0,0,0,0,0,0,907,3695,4602,4537.740310202636
10,0,0,0,0,0,0,0,1,0,0,0,0,2011,0,0,0,1,0,0,0,0,1,0.766667,0.084942835086,0,0,1,0,1,1,1,0,0,0,0,0,0,0,0,0,0,0,884,3896,4780,4673.281938670854
11,0,0,0,0,0,0,0,1,0,0,0,0,2011,0,0,0,0,1,0,0,0,1,0.7175,0.069832305,0,0,1,0,1,1,1,0,0,0,0,0,0,0,0,0,0,0,812,3980,4792,4702.105505809927
12,0,0,0,0,0,0,0,1,0,0,0,0,2011,0,0,0,0,0,1,0,0,1,0.708333,0.052132715,0,0,1,0,1,1,1,0,0,0,0,0,0,0,0,0,0,0,1051,3854,4905,4641.034578758928
13,0,0,0,0,0,0,0,1,0,0,0,0,2011,0,0,0,0,0,0,1,0,0,0.685833,0.154273243682,0,0,1,0,0,1,0,1,1,1,0,0,0,0,0,0,0,0,1504,2646,4150,4315.998230466856
14,0,0,0,0,0,0,0,1,0,0,0,0,2011,1,0,0,0,0,0,0,0,0,0.676667,0.1820024775,0,0,1,0,0,1,0,1,1,1,0,0,0,0,0,0,0,0,1338,2482,3820,4156.96011264164
15,0,0,0,0,0,0,0,1,0,0,0,0,2011,0,1,0,0,0,0,0,0,1,0.665833,0.148792591182,0,0,1,0,1,1,1,0,0,0,0,0,0,0,0,0,0,0,775,3563,4338,4334.882107458066
16,0,0,0,0,0,0,0,1,0,0,0,0,2011,0,0,1,0,0,0,0,0,1,0.700833,0.136676859557,0,0,1,0,1,1,1,0,0,0,0,0,0,0,0,0,0,0,721,4004,4725,4509.686209732556
17,0,0,0,0,0,0,0,1,0,0,0,0,2011,0,0,0,1,0,0,0,0,1,0.723333,0.08266843413899999,0,0,1,0,1,1,1,0,0,0,0,0,0,0,0,0,0,0,668,4026,4694,4469.176521739601
18,0,0,0,0,0,0,0,1,0,0,0,0,2011,0,0,0,0,1,0,0,0,1,0.711667,0.152653992264,0,0,1,0,1,1,1,0,0,0,0,0,0,0,0,0,0,0,639,3166,3805,4203.843355486249
19,0,0,0,0,0,0,0,1,0,0,0,0,2011,0,0,0,0,0,1,0,0,1,0.685,0.100708121436,0,0,1,0,0,1,0,1,1,1,0,0,0,0,0,0,0,0,797,3356,4153,4337.353544719144
20,0,0,0,0,0,0,0,1,0,0,0,0,2011,0,0,0,0,0,0,1,0,0,0.6975,0.070428203989,0,0,1,0,1,1,1,0,0,0,0,0,0,0,0,0,0,0,1914,3277,5191,4655.217278671184
21,0,0,0,0,0,0,0,1,0,0,0,0,2011,1,0,0,0,0,0,0,0,0,0.710833,0.19154058000000002,0,0,1,0,1,1,1,0,0,0,0,0,0,0,0,0,0,0,1249,2624,3873,4437.29829129441
22,0,0,0,0,0,0,0,1,0,0,0,0,2011,0,1,0,0,0,0,0,0,1,0.691667,0.13007249999999998,0,0,1,0,1,1,1,0,0,0,0,0,0,0,0,0,0,0,833,3925,4758,4783.677595212044
23,0,0,0,0,0,0,0,1,0,0,0,0,2011,0,0,1,0,0,0,0,0,1,0.640833,0.066838365171,0,0,1,0,1,1,1,0,0,0,0,0,0,0,0,0,0,0,1281,4614,5895,5155.734494341723
24,0,0,0,0,0,0,0,1,0,0,0,0,2011,0,0,0,1,0,0,0,0,1,0.673333,0.15313034,0,0,1,0,1,1,1,0,0,0,0,0,0,0,0,0,0,0,949,4181,5130,4788.525887813125
25,0,0,0,0,0,0,0,1,0,0,0,0,2011,0,0,0,0,1,0,0,0,1,0.684167,0.162692868611,0,0,1,0,0,1,0,1,1,1,0,0,0,0,0,0,0,0,435,3107,3542,4079.843169097652
26,0,0,0,0,0,0,0,1,0,0,0,0,2011,0,0,0,0,0,1,0,0,1,0.7,0.063916453125,0,0,1,0,1,1,1,0,0,0,0,0,0,0,0,0,0,0,768,3893,4661,3909.0036194798304
27,0,0,0,0,0,0,0,1,0,0,0,0,2011,0,0,0,0,0,0,1,0,0,0.68,0.31927445,0,0,1,0,0,1,0,1,1,1,0,0,0,0,0,0,0,0,226,889,1115,2986.1676893418394
28,0,0,0,0,0,0,0,1,0,0,0,0,2011,1,0,0,0,0,0,0,0,0,0.707059,0.171146763135,0,0,1,0,1,1,1,0,0,0,0,0,0,0,0,0,0,0,1415,2919,4334,3934.4994485456873
29,0,0,0,0,0,0,0,1,0,0,0,0,2011,0,1,0,0,0,0,0,0,1,0.636667,0.08863622797500001,0,0,1,0,1,1,1,0,0,0,0,0,0,0,0,0,0,0,729,3905,4634,4483.330656295222
30,0,0,0,0,0,0,0,1,0,0,0,0,2011,0,0,1,0,0,0,0,0,1,0.639167,0.068546011664,0,0,1,0,1,1,1,0,0,0,0,0,0,0,0,0,0,0,775,4429,5204,4881.492520339979
31,0,0,0,0,0,0,0,1,0,0,0,0,2011,0,0,0,1,0,0,0,0,1,0.656667,0.0498263967361,0,0,1,0,1,1,1,0,0,0,0,0,0,0,0,0,0,0,688,4370,5058,4957.146904724715
1,0,0,0,0,0,0,0,0,1,0,0,0,2011,0,0,0,0,1,0,0,0,1,0.655,0.090631323932,0,0,1,0,1,1,1,0,0,0,0,0,0,0,0,0,0,0,783,4332,5115,4931.948193834165
2,0,0,0,0,0,0,0,0,1,0,0,0,2011,0,0,0,0,0,1,0,0,1,0.643333,0.101739997107,0,0,1,0,0,1,0,1,1,1,0,0,0,0,0,0,0,0,875,3852,4727,4723.6976767777805
3,0,0,0,0,0,0,0,0,1,0,0,0,2011,0,0,0,0,0,0,1,0,0,0.669167,0.132816311775,0,0,1,0,1,1,1,0,0,0,0,0,0,0,0,0,0,0,1935,2549,4484,4512.144836499176
5,0,0,0,0,0,0,0,0,1,0,0,0,2011,0,1,0,0,0,0,0,1,0,0.673333,0.16811853423200002,0,0,1,0,0,1,0,1,1,1,0,0,0,0,0,0,0,0,1236,2115,3351,3534.065661660067
6,0,0,0,0,0,0,0,0,1,0,0,0,2011,0,0,1,0,0,0,0,0,1,0.54,0.305062651451,0,0,1,0,0,0,0,0,0,0,1,1,1,1,0,0,1,0,204,2506,2710,2922.460152260453
7,0,0,0,0,0,0,0,0,1,0,0,0,2011,0,0,0,1,0,0,0,0,1,0.599167,0.0889761263264,0,0,1,0,0,0,0,0,0,0,1,1,1,1,0,0,1,0,118,1878,1996,2523.314795121292
8,0,0,0,0,0,0,0,0,1,0,0,0,2011,0,0,0,0,1,0,0,0,1,0.633913,0.18109927462,0,0,1,0,0,0,0,0,0,0,1,1,1,1,0,0,1,0,153,1689,1842,2651.484233103423
9,0,0,0,0,0,0,0,0,1,0,0,0,2011,0,0,0,0,0,1,0,0,1,0.65,0.111682018543,0,0,1,0,0,1,0,1,1,1,0,0,0,0,0,0,0,0,417,3127,3544,3589.137904188977
10,0,0,0,0,0,0,0,0,1,0,0,0,2011,0,0,0,0,0,0,1,0,0,0.66,0.11578203,0,0,1,0,1,1,1,0,0,0,0,0,0,0,0,0,0,0,1750,3595,5345,4571.929479463508
11,0,0,0,0,0,0,0,0,1,0,0,0,2011,1,0,0,0,0,0,0,0,0,0.653333,0.0821197925,0,0,1,0,1,1,1,0,0,0,0,0,0,0,0,0,0,0,1633,3413,5046,4781.650534201546
12,0,0,0,0,0,0,0,0,1,0,0,0,2011,0,1,0,0,0,0,0,0,1,0.644348,0.061543266862,0,0,1,0,1,1,1,0,0,0,0,0,0,0,0,0,0,0,690,4023,4713,4727.02212314113
13,0,0,0,0,0,0,0,0,1,0,0,0,2011,0,0,1,0,0,0,0,0,1,0.650833,0.10103535000000001,0,0,1,0,1,1,1,0,0,0,0,0,0,0,0,0,0,0,701,4062,4763,4686.415835221843
14,0,0,0,0,0,0,0,0,1,0,0,0,2011,0,0,0,1,0,0,0,0,1,0.673333,0.1166219859,0,0,1,0,1,1,1,0,0,0,0,0,0,0,0,0,0,0,647,4138,4785,4569.225382524399
15,0,0,0,0,0,0,0,0,1,0,0,0,2011,0,0,0,0,1,0,0,0,1,0.5775,0.192287795382,0,0,1,0,0,1,0,1,1,1,0,0,0,0,0,0,0,0,428,3231,3659,4236.260312351354
16,0,0,0,0,0,0,0,0,1,0,0,0,2011,0,0,0,0,0,1,0,0,1,0.469167,0.09693643431099999,0,0,1,0,0,1,0,1,1,1,0,0,0,0,0,0,0,0,742,4018,4760,4480.555554529663
17,0,0,0,0,0,0,0,0,1,0,0,0,2011,0,0,0,0,0,0,1,0,0,0.491667,0.136249811775,0,0,1,0,0,1,0,1,1,1,0,0,0,0,0,0,0,0,1434,3077,4511,4445.406351237636
18,0,0,0,0,0,0,0,0,1,0,0,0,2011,1,0,0,0,0,0,0,0,0,0.5075,0.12404568499999999,0,0,1,0,1,1,1,0,0,0,0,0,0,0,0,0,0,0,1353,2921,4274,4344.663499183245
19,0,0,0,0,0,0,0,0,1,0,0,0,2011,0,1,0,0,0,0,0,0,1,0.549167,0.10470197999999999,0,0,1,0,0,1,0,1,1,1,0,0,0,0,0,0,0,0,691,3848,4539,4314.584146312098
20,0,0,0,0,0,0,0,0,1,0,0,0,2011,0,0,1,0,0,0,0,0,1,0.561667,0.11892821249999999,0,0,1,0,0,1,0,1,1,1,0,0,0,0,0,0,0,0,438,3203,3641,4060.0889397530495
21,0,0,0,0,0,0,0,0,1,0,0,0,2011,0,0,0,1,0,0,0,0,1,0.595,0.08676378,0,0,1,0,0,1,0,1,1,1,0,0,0,0,0,0,0,0,539,3813,4352,4224.68267294705
22,0,0,0,0,0,0,0,0,1,0,0,0,2011,0,0,0,0,1,0,0,0,1,0.628333,0.11557938437499998,0,0,1,0,0,1,0,1,1,1,0,0,0,0,0,0,0,0,555,4240,4795,4261.959079088103
23,0,0,0,0,0,0,0,0,1,0,0,0,2011,0,0,0,0,0,1,0,0,1,0.609167,0.07621161575,0,0,0,1,0,1,0,1,1,1,0,0,0,0,0,0,0,0,258,2137,2395,3766.1945643172585
24,0,0,0,0,0,0,0,0,1,0,0,0,2011,0,0,0,0,0,0,1,0,0,0.606667,0.06760559625000001,0,0,0,1,0,1,0,1,1,1,0,0,0,0,0,0,0,0,1776,3647,5423,4641.6246138636725
25,0,0,0,0,0,0,0,0,1,0,0,0,2011,1,0,0,0,0,0,0,0,0,0.634167,0.042570423999999996,0,0,0,1,0,1,0,1,1,1,0,0,0,0,0,0,0,0,1544,3466,5010,4735.679277273761
26,0,0,0,0,0,0,0,0,1,0,0,0,2011,0,1,0,0,0,0,0,0,1,0.649167,0.09391046310000001,0,0,0,1,0,1,0,1,1,1,0,0,0,0,0,0,0,0,684,3946,4630,4555.41321795761
27,0,0,0,0,0,0,0,0,1,0,0,0,2011,0,0,1,0,0,0,0,0,1,0.636667,0.10463061230699999,0,0,0,1,0,1,0,1,1,1,0,0,0,0,0,0,0,0,477,3643,4120,4300.56037659907
28,0,0,0,0,0,0,0,0,1,0,0,0,2011,0,0,0,1,0,0,0,0,1,0.635,0.12614886375,0,0,0,1,0,1,0,1,1,1,0,0,0,0,0,0,0,0,480,3427,3907,4226.2679118396
29,0,0,0,0,0,0,0,0,1,0,0,0,2011,0,0,0,0,1,0,0,0,1,0.616667,0.120874088461,0,0,0,1,1,1,1,0,0,0,0,0,0,0,0,0,0,0,653,4186,4839,4471.243358919729
30,0,0,0,0,0,0,0,0,1,0,0,0,2011,0,0,0,0,0,1,0,0,1,0.564167,0.1336925625,0,0,0,1,1,1,1,0,0,0,0,0,0,0,0,0,0,0,830,4372,5202,4348.462164919587
1,0,0,0,0,0,0,0,0,0,1,0,0,2011,0,0,0,0,0,0,1,0,0,0.41,0.22031811,0,0,0,1,0,1,0,1,1,1,0,0,0,0,0,0,0,0,480,1949,2429,3372.1431358390323
2,0,0,0,0,0,0,0,0,0,1,0,0,2011,1,0,0,0,0,0,0,0,0,0.356667,0.17576036567099998,0,0,0,1,0,1,0,1,1,1,0,0,0,0,0,0,0,0,616,2302,2918,3338.9672425975104
3,0,0,0,0,0,0,0,0,0,1,0,0,2011,0,1,0,0,0,0,0,0,1,0.384167,0.06341223505139999,0,0,0,1,0,1,0,1,1,1,0,0,0,0,0,0,0,0,330,3240,3570,3726.758591953499
4,0,0,0,0,0,0,0,0,0,1,0,0,2011,0,0,1,0,0,0,0,0,1,0.484167,0.14615634,0,0,0,1,1,1,1,0,0,0,0,0,0,0,0,0,0,0,486,3970,4456,4271.308533262987
5,0,0,0,0,0,0,0,0,0,1,0,0,2011,0,0,0,1,0,0,0,0,1,0.538333,0.11484328825,0,0,0,1,1,1,1,0,0,0,0,0,0,0,0,0,0,0,559,4267,4826,4631.167007835462
6,0,0,0,0,0,0,0,0,0,1,0,0,2011,0,0,0,0,1,0,0,0,1,0.494167,0.083783896682,0,0,0,1,1,1,1,0,0,0,0,0,0,0,0,0,0,0,639,4126,4765,4796.192490243398
7,0,0,0,0,0,0,0,0,0,1,0,0,2011,0,0,0,0,0,1,0,0,1,0.510833,0.0153196622139,0,0,0,1,1,1,1,0,0,0,0,0,0,0,0,0,0,0,949,4036,4985,4992.4104628947325
8,0,0,0,0,0,0,0,0,0,1,0,0,2011,0,0,0,0,0,0,1,0,0,0.521667,0.03183969525,0,0,0,1,1,1,1,0,0,0,0,0,0,0,0,0,0,0,2235,3174,5409,5196.0388984408
10,0,0,0,0,0,0,0,0,0,1,0,0,2011,0,1,0,0,0,0,0,1,0,0.570833,0.03104070675,0,0,0,1,1,1,1,0,0,0,0,0,0,0,0,0,0,0,1514,3603,5117,4853.079798842201
11,0,0,0,0,0,0,0,0,0,1,0,0,2011,0,0,1,0,0,0,0,0,1,0.566667,0.11568521749999999,0,0,0,1,0,1,0,1,1,1,0,0,0,0,0,0,0,0,667,3896,4563,4255.533164098937
12,0,0,0,0,0,0,0,0,0,1,0,0,2011,0,0,0,1,0,0,0,0,1,0.543333,0.22488593750000002,0,0,0,1,0,0,0,0,0,0,1,1,1,1,0,0,1,0,217,2199,2416,3350.5196934546107
13,0,0,0,0,0,0,0,0,0,1,0,0,2011,0,0,0,0,1,0,0,0,1,0.589167,0.127135723929,0,0,0,1,0,1,0,1,1,1,0,0,0,0,0,0,0,0,290,2623,2913,3380.0259162648945
14,0,0,0,0,0,0,0,0,0,1,0,0,2011,0,0,0,0,0,1,0,0,1,0.550833,0.16035619875,0,0,0,1,0,1,0,1,1,1,0,0,0,0,0,0,0,0,529,3115,3644,3876.558055340073
15,0,0,0,0,0,0,0,0,0,1,0,0,2011,0,0,0,0,0,0,1,0,0,0.506667,0.12474003063900001,0,0,0,1,1,1,1,0,0,0,0,0,0,0,0,0,0,0,1899,3318,5217,4605.648249755325
16,0,0,0,0,0,0,0,0,0,1,0,0,2011,1,0,0,0,0,0,0,0,0,0.511667,0.137102367239,0,0,0,1,1,1,1,0,0,0,0,0,0,0,0,0,0,0,1748,3293,5041,4723.386693925903
17,0,0,0,0,0,0,0,0,0,1,0,0,2011,0,1,0,0,0,0,0,0,1,0.534167,0.101646686957,0,0,0,1,1,1,1,0,0,0,0,0,0,0,0,0,0,0,713,3857,4570,4523.511832022385
18,0,0,0,0,0,0,0,0,0,1,0,0,2011,0,0,1,0,0,0,0,0,1,0.5325,0.07724441502900001,0,0,0,1,0,1,0,1,1,1,0,0,0,0,0,0,0,0,637,4111,4748,4277.148802141251
19,0,0,0,0,0,0,0,0,0,1,0,0,2011,0,0,0,1,0,0,0,0,1,0.541739,0.21784120956300002,0,0,0,1,0,0,0,0,0,0,1,1,1,1,0,0,1,0,254,2170,2424,3559.934574401368
21,0,0,0,0,0,0,0,0,0,1,0,0,2011,0,0,0,0,0,1,0,0,1,0.4275,0.127118277132,0,0,0,1,1,1,1,0,0,0,0,0,0,0,0,0,0,0,676,3628,4304,4181.030188787194
22,0,0,0,0,0,0,0,0,0,1,0,0,2011,0,0,0,0,0,0,1,0,0,0.4225,0.0583028296389,0,0,0,1,1,1,1,0,0,0,0,0,0,0,0,0,0,0,1499,2809,4308,4260.435645298728
23,0,0,0,0,0,0,0,0,0,1,0,0,2011,1,0,0,0,0,0,0,0,0,0.421667,0.073763640625,0,0,0,1,1,1,1,0,0,0,0,0,0,0,0,0,0,0,1619,2762,4381,4292.276747108989
24,0,0,0,0,0,0,0,0,0,1,0,0,2011,0,1,0,0,0,0,0,0,1,0.463333,0.091717283736,0,0,0,1,1,1,1,0,0,0,0,0,0,0,0,0,0,0,699,3488,4187,4235.394596028239
25,0,0,0,0,0,0,0,0,0,1,0,0,2011,0,0,1,0,0,0,0,0,1,0.471667,0.10381410138600002,0,0,0,1,1,1,1,0,0,0,0,0,0,0,0,0,0,0,695,3992,4687,4226.90704097573
26,0,0,0,0,0,0,0,0,0,1,0,0,2011,0,0,0,1,0,0,0,0,1,0.484167,0.10708422371399999,0,0,0,1,0,1,0,1,1,1,0,0,0,0,0,0,0,0,404,3490,3894,3758.326526898949
27,0,0,0,0,0,0,0,0,0,1,0,0,2011,0,0,0,0,1,0,0,0,1,0.47,0.160764904671,0,0,0,1,0,1,0,1,1,1,0,0,0,0,0,0,0,0,240,2419,2659,3154.072539721117
28,0,0,0,0,0,0,0,0,0,1,0,0,2011,0,0,0,0,0,1,0,0,1,0.330833,0.134436371007,0,0,0,1,0,1,0,1,1,1,0,0,0,0,0,0,0,0,456,3291,3747,3044.891092264403
29,0,0,0,0,0,0,0,0,0,1,0,0,2011,0,0,0,0,0,0,1,0,0,0.254167,0.31008490749999995,0,0,0,1,0,0,0,0,0,0,1,1,1,1,0,0,1,0,57,570,627,2233.600737072092
30,0,0,0,0,0,0,0,0,0,1,0,0,2011,1,0,0,0,0,0,0,0,0,0.319167,0.11016485375,0,0,0,1,1,1,1,0,0,0,0,0,0,0,0,0,0,0,885,2446,3331,3028.911118951872
31,0,0,0,0,0,0,0,0,0,1,0,0,2011,0,1,0,0,0,0,0,0,1,0.34,0.07479946455,0,0,0,1,1,1,1,0,0,0,0,0,0,0,0,0,0,0,362,3307,3669,3522.132619783525
1,0,0,0,0,0,0,0,0,0,0,1,0,2011,0,0,1,0,0,0,0,0,1,0.400833,0.09269667124999999,0,0,0,1,1,1,1,0,0,0,0,0,0,0,0,0,0,0,410,3658,4068,3868.486740398703
2,0,0,0,0,0,0,0,0,0,0,1,0,2011,0,0,0,1,0,0,0,0,1,0.3775,0.059003409375,0,0,0,1,1,1,1,0,0,0,0,0,0,0,0,0,0,0,370,3816,4186,4015.327601412585
3,0,0,0,0,0,0,0,0,0,0,1,0,2011,0,0,0,0,1,0,0,0,1,0.408333,0.096056889811,0,0,0,1,1,1,1,0,0,0,0,0,0,0,0,0,0,0,318,3656,3974,3991.4960638390494
4,0,0,0,0,0,0,0,0,0,0,1,0,2011,0,0,0,0,0,1,0,0,1,0.403333,0.1691824275,0,0,0,1,0,1,0,1,1,1,0,0,0,0,0,0,0,0,470,3576,4046,3985.1605901045673
5,0,0,0,0,0,0,0,0,0,0,1,0,2011,0,0,0,0,0,0,1,0,0,0.326667,0.09815475135400001,0,0,0,1,1,1,1,0,0,0,0,0,0,0,0,0,0,0,1156,2770,3926,3917.985706474652
6,0,0,0,0,0,0,0,0,0,0,1,0,2011,1,0,0,0,0,0,0,0,0,0.348333,0.0676214503986,0,0,0,1,1,1,1,0,0,0,0,0,0,0,0,0,0,0,952,2697,3649,3842.796529319388
7,0,0,0,0,0,0,0,0,0,0,1,0,2011,0,1,0,0,0,0,0,0,1,0.395,0.04341946875,0,0,0,1,1,1,1,0,0,0,0,0,0,0,0,0,0,0,373,3662,4035,3961.403881483512
8,0,0,0,0,0,0,0,0,0,0,1,0,2011,0,0,1,0,0,0,0,0,1,0.408333,0.049822085512499996,0,0,0,1,1,1,1,0,0,0,0,0,0,0,0,0,0,0,376,3829,4205,4006.415115131148
9,0,0,0,0,0,0,0,0,0,0,1,0,2011,0,0,0,1,0,0,0,0,1,0.4,0.04716512760140001,0,0,0,1,1,1,1,0,0,0,0,0,0,0,0,0,0,0,305,3804,4109,3852.841463909931
10,0,0,0,0,0,0,0,0,0,0,1,0,2011,0,0,0,0,1,0,0,0,1,0.38,0.153774430311,0,0,0,1,0,1,0,1,1,1,0,0,0,0,0,0,0,0,190,2743,2933,3443.109276598646
11,0,0,0,0,0,0,0,0,0,0,1,0,2011,0,0,0,0,0,1,0,1,0,0.324167,0.14042371874999998,0,0,0,1,1,1,1,0,0,0,0,0,0,0,0,0,0,0,440,2928,3368,3543.4863658860068
12,0,0,0,0,0,0,0,0,0,0,1,0,2011,0,0,0,0,0,0,1,0,0,0.356667,0.11725268485399999,0,0,0,1,1,1,1,0,0,0,0,0,0,0,0,0,0,0,1275,2792,4067,3819.3498210593743
13,0,0,0,0,0,0,0,0,0,0,1,0,2011,1,0,0,0,0,0,0,0,0,0.440833,0.129122031093,0,0,0,1,1,1,1,0,0,0,0,0,0,0,0,0,0,0,1004,2713,3717,3847.563097292116
14,0,0,0,0,0,0,0,0,0,0,1,0,2011,0,1,0,0,0,0,0,0,1,0.53,0.179997299468,0,0,0,1,1,1,1,0,0,0,0,0,0,0,0,0,0,0,595,3891,4486,4006.339470816975
15,0,0,0,0,0,0,0,0,0,0,1,0,2011,0,0,1,0,0,0,0,0,1,0.53,0.13749722875,0,0,0,1,0,1,0,1,1,1,0,0,0,0,0,0,0,0,449,3746,4195,3685.455315158808
16,0,0,0,0,0,0,0,0,0,0,1,0,2011,0,0,0,1,0,0,0,0,1,0.456667,0.12725097000000002,0,0,0,1,0,0,0,0,0,0,1,1,1,1,0,0,1,0,145,1672,1817,2855.026474659449
17,0,0,0,0,0,0,0,0,0,0,1,0,2011,0,0,0,0,1,0,0,0,1,0.341667,0.17583751654600002,0,0,0,1,0,1,0,1,1,1,0,0,0,0,0,0,0,0,139,2914,3053,3062.6241088195397
18,0,0,0,0,0,0,0,0,0,0,1,0,2011,0,0,0,0,0,1,0,0,1,0.274167,0.06909852999999999,0,0,0,1,1,1,1,0,0,0,0,0,0,0,0,0,0,0,245,3147,3392,3279.8458517991685
19,0,0,0,0,0,0,0,0,0,0,1,0,2011,0,0,0,0,0,0,1,0,0,0.329167,0.11271562516799999,0,0,0,1,1,1,1,0,0,0,0,0,0,0,0,0,0,0,943,2720,3663,3384.913446577966
20,0,0,0,0,0,0,0,0,0,0,1,0,2011,1,0,0,0,0,0,0,0,0,0.463333,0.12729820885,0,0,0,1,0,1,0,1,1,1,0,0,0,0,0,0,0,0,787,2733,3520,3211.89448793473
21,0,0,0,0,0,0,0,0,0,0,1,0,2011,0,1,0,0,0,0,0,0,1,0.4475,0.12562914,0,0,0,1,0,0,0,0,0,0,1,1,1,1,0,0,1,0,220,2545,2765,2730.770017226224
22,0,0,0,0,0,0,0,0,0,0,1,0,2011,0,0,1,0,0,0,0,0,1,0.416667,0.1143373,0,0,0,1,0,0,0,0,0,0,1,1,1,1,0,0,1,0,69,1538,1607,2215.4155637439417
23,0,0,0,0,0,0,0,0,0,0,1,0,2011,0,0,0,1,0,0,0,0,1,0.440833,0.25452747652499996,0,0,0,1,0,1,0,1,1,1,0,0,0,0,0,0,0,0,112,2454,2566,2308.476674005601
24,0,0,0,0,0,0,0,0,0,0,1,0,2011,0,0,0,0,1,0,0,1,0,0.373333,0.091877835768,0,0,0,1,1,1,1,0,0,0,0,0,0,0,0,0,0,0,560,935,1495,2144.0144582728617
25,0,0,0,0,0,0,0,0,0,0,1,0,2011,0,0,0,0,0,1,0,0,1,0.375,0.06366417125000001,0,0,0,1,1,1,1,0,0,0,0,0,0,0,0,0,0,0,1095,1697,2792,2628.5667008129835
26,0,0,0,0,0,0,0,0,0,0,1,0,2011,0,0,0,0,0,0,1,0,0,0.375833,0.046640201473600006,0,0,0,1,1,1,1,0,0,0,0,0,0,0,0,0,0,0,1249,1819,3068,2949.6856441660893
27,0,0,0,0,0,0,0,0,0,0,1,0,2011,1,0,0,0,0,0,0,0,0,0.459167,0.145919473682,0,0,0,1,1,1,1,0,0,0,0,0,0,0,0,0,0,0,810,2261,3071,3152.4902316852845
28,0,0,0,0,0,0,0,0,0,0,1,0,2011,0,1,0,0,0,0,0,0,1,0.503478,0.105602757246,0,0,0,1,1,1,1,0,0,0,0,0,0,0,0,0,0,0,253,3614,3867,3436.785050889764
29,0,0,0,0,0,0,0,0,0,0,1,0,2011,0,0,1,0,0,0,0,0,1,0.458333,0.214431350636,0,0,0,1,0,1,0,1,1,1,0,0,0,0,0,0,0,0,96,2818,2914,3290.864920984008
30,0,0,0,0,0,0,0,0,0,0,1,0,2011,0,0,0,1,0,0,0,0,1,0.325,0.166310149614,0,0,0,1,1,1,1,0,0,0,0,0,0,0,0,0,0,0,188,3425,3613,3521.80971206226
1,0,0,0,0,0,0,0,0,0,0,0,1,2011,0,0,0,0,1,0,0,0,1,0.3125,0.115491144114,0,0,0,1,1,1,1,0,0,0,0,0,0,0,0,0,0,0,182,3545,3727,3661.564215202772
2,0,0,0,0,0,0,0,0,0,0,0,1,2011,0,0,0,0,0,1,0,0,1,0.314167,0.063055178082,0,0,0,1,1,1,1,0,0,0,0,0,0,0,0,0,0,0,268,3672,3940,3735.882933546056
3,0,0,0,0,0,0,0,0,0,0,0,1,2011,0,0,0,0,0,0,1,0,0,0.299167,0.05870721288610001,0,0,0,1,1,1,1,0,0,0,0,0,0,0,0,0,0,0,706,2908,3614,3606.084585435395
4,0,0,0,0,0,0,0,0,0,0,0,1,2011,1,0,0,0,0,0,0,0,0,0.330833,0.06513761976389999,0,0,0,1,1,1,1,0,0,0,0,0,0,0,0,0,0,0,634,2851,3485,3468.37082276013
5,0,0,0,0,0,0,0,0,0,0,0,1,2011,0,1,0,0,0,0,0,0,1,0.385833,0.0514514273889,0,0,0,1,0,1,0,1,1,1,0,0,0,0,0,0,0,0,233,3578,3811,3314.0278828449955
6,0,0,0,0,0,0,0,0,0,0,0,1,2011,0,0,1,0,0,0,0,0,1,0.4625,0.220856862889,0,0,0,1,0,0,0,0,0,0,1,1,1,1,0,0,1,0,126,2468,2594,2662.712825774857
7,0,0,0,0,0,0,0,0,0,0,0,1,2011,0,0,0,1,0,0,0,0,1,0.41,0.258300744975,0,0,0,1,0,0,0,0,0,0,1,1,1,1,0,0,1,0,50,655,705,2080.1105944795745
8,0,0,0,0,0,0,0,0,0,0,0,1,2011,0,0,0,0,1,0,0,0,1,0.265833,0.13923364,0,0,0,1,1,1,1,0,0,0,0,0,0,0,0,0,0,0,150,3172,3322,2872.618957663867
9,0,0,0,0,0,0,0,0,0,0,0,1,2011,0,0,0,0,0,1,0,0,1,0.290833,0.05755700951110001,0,0,0,1,1,1,1,0,0,0,0,0,0,0,0,0,0,0,261,3359,3620,3215.746278512027
10,0,0,0,0,0,0,0,0,0,0,0,1,2011,0,0,0,0,0,0,1,0,0,0.275,0.11835965749999999,0,0,0,1,1,1,1,0,0,0,0,0,0,0,0,0,0,0,502,2688,3190,3154.6198778722137
11,0,0,0,0,0,0,0,0,0,0,0,1,2011,1,0,0,0,0,0,0,0,0,0.220833,0.032605432999999996,0,0,0,1,1,1,1,0,0,0,0,0,0,0,0,0,0,0,377,2366,2743,3058.113355104614
12,0,0,0,0,0,0,0,0,0,0,0,1,2011,0,1,0,0,0,0,0,0,1,0.238333,0.04256435385000001,0,0,0,1,1,1,1,0,0,0,0,0,0,0,0,0,0,0,143,3167,3310,3276.7201874416287
13,0,0,0,0,0,0,0,0,0,0,0,1,2011,0,0,1,0,0,0,0,0,1,0.2825,0.0829245,0,0,0,1,1,1,1,0,0,0,0,0,0,0,0,0,0,0,155,3368,3523,3462.047207220272
14,0,0,0,0,0,0,0,0,0,0,0,1,2011,0,0,0,1,0,0,0,0,1,0.3175,0.040461071625,0,0,0,1,0,1,0,1,1,1,0,0,0,0,0,0,0,0,178,3562,3740,3586.4214342191867
15,0,0,0,0,0,0,0,0,0,0,0,1,2011,0,0,0,0,1,0,0,0,1,0.4225,0.169983391014,0,0,0,1,0,1,0,1,1,1,0,0,0,0,0,0,0,0,181,3528,3709,3557.2170954372887
16,0,0,0,0,0,0,0,0,0,0,0,1,2011,0,0,0,0,0,1,0,0,1,0.375,0.130396159775,0,0,0,1,0,1,0,1,1,1,0,0,0,0,0,0,0,0,178,3399,3577,3376.22985209268
17,0,0,0,0,0,0,0,0,0,0,0,1,2011,0,0,0,0,0,0,1,0,0,0.258333,0.136376078111,0,0,0,1,0,1,0,1,1,1,0,0,0,0,0,0,0,0,275,2464,2739,2994.4724608407505
18,0,0,0,0,0,0,0,0,0,0,0,1,2011,1,0,0,0,0,0,0,0,0,0.238333,0.09953293875000002,0,0,0,1,1,1,1,0,0,0,0,0,0,0,0,0,0,0,220,2211,2431,2868.187530429572
19,0,0,0,0,0,0,0,0,0,0,0,1,2011,0,1,0,0,0,0,0,0,1,0.276667,0.11022119999999999,0,0,0,1,1,1,1,0,0,0,0,0,0,0,0,0,0,0,260,3143,3403,3179.0901304479635
20,0,0,0,0,0,0,0,0,0,0,0,1,2011,0,0,1,0,0,0,0,0,1,0.385833,0.036660301023599996,0,0,0,1,0,1,0,1,1,1,0,0,0,0,0,0,0,0,216,3534,3750,3266.082860914319
21,0,0,0,0,0,0,0,0,0,0,0,1,2011,0,0,0,1,0,0,0,0,1,0.428333,0.1900349262,1,0,0,0,0,1,0,1,1,1,0,0,0,0,0,0,0,0,107,2553,2660,2869.1584522949934
22,0,0,0,0,0,0,0,0,0,0,0,1,2011,0,0,0,0,1,0,0,0,1,0.423333,0.0358108125,1,0,0,0,0,1,0,1,1,1,0,0,0,0,0,0,0,0,227,2841,3068,2681.392495970661
23,0,0,0,0,0,0,0,0,0,0,0,1,2011,0,0,0,0,0,1,0,0,1,0.373333,0.1882013175,1,0,0,0,1,1,1,0,0,0,0,0,0,0,0,0,0,0,163,2046,2209,2107.0190356169896
24,0,0,0,0,0,0,0,0,0,0,0,1,2011,0,0,0,0,0,0,1,0,0,0.3025,0.10323992,1,0,0,0,1,1,1,0,0,0,0,0,0,0,0,0,0,0,155,856,1011,1430.6646108803088
25,0,0,0,0,0,0,0,0,0,0,0,1,2011,1,0,0,0,0,0,0,0,0,0.274783,0.10566411866400001,1,0,0,0,1,1,1,0,0,0,0,0,0,0,0,0,0,0,303,451,754,1173.974797023937
26,0,0,0,0,0,0,0,0,0,0,0,1,2011,0,1,0,0,0,0,0,1,0,0.321739,0.121398458005,1,0,0,0,1,1,1,0,0,0,0,0,0,0,0,0,0,0,430,887,1317,1337.2597801915024
27,0,0,0,0,0,0,0,0,0,0,0,1,2011,0,0,1,0,0,0,0,0,1,0.325,0.143693125,1,0,0,0,0,1,0,1,1,1,0,0,0,0,0,0,0,0,103,1059,1162,1520.80454355057
28,0,0,0,0,0,0,0,0,0,0,0,1,2011,0,0,0,1,0,0,0,0,1,0.29913,0.148130769393,1,0,0,0,1,1,1,0,0,0,0,0,0,0,0,0,0,0,255,2047,2302,2063.153850460208
29,0,0,0,0,0,0,0,0,0,0,0,1,2011,0,0,0,0,1,0,0,0,1,0.248333,0.068562429804,1,0,0,0,1,1,1,0,0,0,0,0,0,0,0,0,0,0,254,2169,2423,2366.6570078300538
30,0,0,0,0,0,0,0,0,0,0,0,1,2011,0,0,0,0,0,1,0,0,1,0.311667,0.085527934779,1,0,0,0,1,1,1,0,0,0,0,0,0,0,0,0,0,0,491,2508,2999,2613.817173029953
31,0,0,0,0,0,0,0,0,0,0,0,1,2011,0,0,0,0,0,0,1,0,0,0.41,0.135578098282,1,0,0,0,1,1,1,0,0,0,0,0,0,0,0,0,0,0,665,1820,2485,2475.794511259806
1,1,0,0,0,0,0,0,0,0,0,0,0,2012,1,0,0,0,0,0,0,0,0,0.37,0.1330756475,1,0,0,0,1,1,1,0,0,0,0,0,0,0,0,0,0,0,686,1608,2294,2328.5663607494644
2,1,0,0,0,0,0,0,0,0,0,0,0,2012,0,1,0,0,0,0,0,1,0,0.273043,0.12570258316,1,0,0,0,1,1,1,0,0,0,0,0,0,0,0,0,0,0,244,1707,1951,2215.9045709885872
3,1,0,0,0,0,0,0,0,0,0,0,0,2012,0,0,1,0,0,0,0,0,1,0.15,0.16135232875,1,0,0,0,1,1,1,0,0,0,0,0,0,0,0,0,0,0,89,2147,2236,2368.147352216297
4,1,0,0,0,0,0,0,0,0,0,0,0,2012,0,0,0,1,0,0,0,0,1,0.1075,0.0765734801,1,0,0,0,0,1,0,1,1,1,0,0,0,0,0,0,0,0,95,2273,2368,2652.5374856603034
5,1,0,0,0,0,0,0,0,0,0,0,0,2012,0,0,0,0,1,0,0,0,1,0.265833,0.06813489582900001,1,0,0,0,1,1,1,0,0,0,0,0,0,0,0,0,0,0,140,3132,3272,3221.465104764614
6,1,0,0,0,0,0,0,0,0,0,0,0,2012,0,0,0,0,0,1,0,0,1,0.334167,0.091020072364,1,0,0,0,1,1,1,0,0,0,0,0,0,0,0,0,0,0,307,3791,4098,3739.857828633538
7,1,0,0,0,0,0,0,0,0,0,0,0,2012,0,0,0,0,0,0,1,0,0,0.393333,0.092913061586,1,0,0,0,1,1,1,0,0,0,0,0,0,0,0,0,0,0,1070,3451,4521,3900.108381135999
8,1,0,0,0,0,0,0,0,0,0,0,0,2012,1,0,0,0,0,0,0,0,0,0.3375,0.08906703,1,0,0,0,1,1,1,0,0,0,0,0,0,0,0,0,0,0,599,2826,3425,3439.4673147744584
9,1,0,0,0,0,0,0,0,0,0,0,0,2012,0,1,0,0,0,0,0,0,1,0.224167,0.06939486630000001,1,0,0,0,0,1,0,1,1,1,0,0,0,0,0,0,0,0,106,2270,2376,2993.293563187376
10,1,0,0,0,0,0,0,0,0,0,0,0,2012,0,0,1,0,0,0,0,0,1,0.308696,0.121256494144,1,0,0,0,1,1,1,0,0,0,0,0,0,0,0,0,0,0,173,3425,3598,3164.41337478767
11,1,0,0,0,0,0,0,0,0,0,0,0,2012,0,0,0,1,0,0,0,0,1,0.274167,0.11120979750000001,1,0,0,0,0,1,0,1,1,1,0,0,0,0,0,0,0,0,92,2085,2177,2901.946561175633
12,1,0,0,0,0,0,0,0,0,0,0,0,2012,0,0,0,0,1,0,0,0,1,0.3825,0.14530148073899998,1,0,0,0,0,1,0,1,1,1,0,0,0,0,0,0,0,0,269,3828,4097,3364.4263087392296
13,1,0,0,0,0,0,0,0,0,0,0,0,2012,0,0,0,0,0,1,0,0,1,0.274167,0.19188981,1,0,0,0,1,1,1,0,0,0,0,0,0,0,0,0,0,0,174,3040,3214,3094.332365042056
14,1,0,0,0,0,0,0,0,0,0,0,0,2012,0,0,0,0,0,0,1,0,0,0.18,0.0856362225,1,0,0,0,1,1,1,0,0,0,0,0,0,0,0,0,0,0,333,2160,2493,2704.570786386938
15,1,0,0,0,0,0,0,0,0,0,0,0,2012,1,0,0,0,0,0,0,0,0,0.166667,0.10531906208599999,1,0,0,0,1,1,1,0,0,0,0,0,0,0,0,0,0,0,284,2027,2311,2526.3799941187585
16,1,0,0,0,0,0,0,0,0,0,0,0,2012,0,1,0,0,0,0,0,1,0,0.19,0.12088455499999999,1,0,0,0,1,1,1,0,0,0,0,0,0,0,0,0,0,0,217,2081,2298,2563.569195969337
17,1,0,0,0,0,0,0,0,0,0,0,0,2012,0,0,1,0,0,0,0,0,1,0.373043,0.25000745431,1,0,0,0,0,1,0,1,1,1,0,0,0,0,0,0,0,0,127,2808,2935,2866.327593789253
19,1,0,0,0,0,0,0,0,0,0,0,0,2012,0,0,0,0,1,0,0,0,1,0.19,0.109528605,1,0,0,0,1,1,1,0,0,0,0,0,0,0,0,0,0,0,130,3162,3292,3058.913162406016
20,1,0,0,0,0,0,0,0,0,0,0,0,2012,0,0,0,0,0,1,0,0,1,0.2175,0.09123750000000001,1,0,0,0,0,1,0,1,1,1,0,0,0,0,0,0,0,0,115,3048,3163,2784.325901819625
21,1,0,0,0,0,0,0,0,0,0,0,0,2012,0,0,0,0,0,0,1,0,0,0.173333,0.18507116250000002,1,0,0,0,0,1,0,1,1,1,0,0,0,0,0,0,0,0,67,1234,1301,2131.0645430528584
22,1,0,0,0,0,0,0,0,0,0,0,0,2012,1,0,0,0,0,0,0,0,0,0.1625,0.15896175750000002,1,0,0,0,0,1,0,1,1,1,0,0,0,0,0,0,0,0,196,1781,1977,2307.8677273389508
23,1,0,0,0,0,0,0,0,0,0,0,0,2012,0,1,0,0,0,0,0,0,1,0.218333,0.100882665,1,0,0,0,0,1,0,1,1,1,0,0,0,0,0,0,0,0,145,2287,2432,2815.538638963993
24,1,0,0,0,0,0,0,0,0,0,0,0,2012,0,0,1,0,0,0,0,0,1,0.3425,0.103448542911,1,0,0,0,1,1,1,0,0,0,0,0,0,0,0,0,0,0,439,3900,4339,3706.7481895530304
25,1,0,0,0,0,0,0,0,0,0,0,0,2012,0,0,0,1,0,0,0,0,1,0.294167,0.10368945625,1,0,0,0,1,1,1,0,0,0,0,0,0,0,0,0,0,0,467,3803,4270,3965.705929695097
26,1,0,0,0,0,0,0,0,0,0,0,0,2012,0,0,0,0,1,0,0,0,1,0.341667,0.0564841599514,1,0,0,0,0,1,0,1,1,1,0,0,0,0,0,0,0,0,244,3831,4075,3920.369599532261
27,1,0,0,0,0,0,0,0,0,0,0,0,2012,0,0,0,0,0,1,0,0,1,0.425,0.25400191375,1,0,0,0,0,1,0,1,1,1,0,0,0,0,0,0,0,0,269,3187,3456,3720.4028689016855
28,1,0,0,0,0,0,0,0,0,0,0,0,2012,0,0,0,0,0,0,1,0,0,0.315833,0.11455035305699998,1,0,0,0,1,1,1,0,0,0,0,0,0,0,0,0,0,0,775,3248,4023,3784.839007172795
29,1,0,0,0,0,0,0,0,0,0,0,0,2012,1,0,0,0,0,0,0,0,0,0.2825,0.07471556250000001,1,0,0,0,1,1,1,0,0,0,0,0,0,0,0,0,0,0,558,2685,3243,3611.1141526166994
30,1,0,0,0,0,0,0,0,0,0,0,0,2012,0,1,0,0,0,0,0,0,1,0.269167,0.086496554736,1,0,0,0,1,1,1,0,0,0,0,0,0,0,0,0,0,0,126,3498,3624,3805.503450677303
31,1,0,0,0,0,0,0,0,0,0,0,0,2012,0,0,1,0,0,0,0,0,1,0.39,0.10909050393900001,1,0,0,0,1,1,1,0,0,0,0,0,0,0,0,0,0,0,324,4185,4509,4181.3961994152105
1,0,1,0,0,0,0,0,0,0,0,0,0,2012,0,0,0,1,0,0,0,0,1,0.469167,0.096030343439,1,0,0,0,1,1,1,0,0,0,0,0,0,0,0,0,0,0,304,4275,4579,4229.685147568328
2,0,1,0,0,0,0,0,0,0,0,0,0,2012,0,0,0,0,1,0,0,0,1,0.399167,0.125961314479,1,0,0,0,0,1,0,1,1,1,0,0,0,0,0,0,0,0,190,3571,3761,3928.659243289773
3,0,1,0,0,0,0,0,0,0,0,0,0,2012,0,0,0,0,0,1,0,0,1,0.313333,0.09400795283199999,1,0,0,0,1,1,1,0,0,0,0,0,0,0,0,0,0,0,310,3841,4151,3795.292582300991
4,0,1,0,0,0,0,0,0,0,0,0,0,2012,0,0,0,0,0,0,1,0,0,0.264167,0.09502804936800001,1,0,0,0,0,1,0,1,1,1,0,0,0,0,0,0,0,0,384,2448,2832,3306.2185036132
5,0,1,0,0,0,0,0,0,0,0,0,0,2012,1,0,0,0,0,0,0,0,0,0.265833,0.121070640332,1,0,0,0,0,1,0,1,1,1,0,0,0,0,0,0,0,0,318,2629,2947,3291.362928538607
6,0,1,0,0,0,0,0,0,0,0,0,0,2012,0,1,0,0,0,0,0,0,1,0.282609,0.09569036119999999,1,0,0,0,1,1,1,0,0,0,0,0,0,0,0,0,0,0,206,3578,3784,3620.8702820026215
7,0,1,0,0,0,0,0,0,0,0,0,0,2012,0,0,1,0,0,0,0,0,1,0.354167,0.07313682875000001,1,0,0,0,1,1,1,0,0,0,0,0,0,0,0,0,0,0,199,4176,4375,3787.247917469258
8,0,1,0,0,0,0,0,0,0,0,0,0,2012,0,0,0,1,0,0,0,0,1,0.256667,0.09666918415700002,1,0,0,0,0,1,0,1,1,1,0,0,0,0,0,0,0,0,109,2693,2802,3365.873470405152
9,0,1,0,0,0,0,0,0,0,0,0,0,2012,0,0,0,0,1,0,0,0,1,0.265,0.10906489907099999,1,0,0,0,1,1,1,0,0,0,0,0,0,0,0,0,0,0,163,3667,3830,3508.372493746199
10,0,1,0,0,0,0,0,0,0,0,0,0,2012,0,0,0,0,0,1,0,0,1,0.280833,0.06314166,1,0,0,0,0,1,0,1,1,1,0,0,0,0,0,0,0,0,227,3604,3831,3329.2440108334445
11,0,1,0,0,0,0,0,0,0,0,0,0,2012,0,0,0,0,0,0,1,0,0,0.224167,0.21191332499999999,1,0,0,0,0,0,0,0,0,0,1,1,1,1,0,0,1,0,192,1977,2169,2648.359538754134
13,0,1,0,0,0,0,0,0,0,0,0,0,2012,0,1,0,0,0,0,0,0,1,0.2225,0.06879513375,1,0,0,0,1,1,1,0,0,0,0,0,0,0,0,0,0,0,94,3328,3422,3163.1442775327387
14,0,1,0,0,0,0,0,0,0,0,0,0,2012,0,0,1,0,0,0,0,0,1,0.319167,0.07182481625,1,0,0,0,0,1,0,1,1,1,0,0,0,0,0,0,0,0,135,3787,3922,3620.598227169258
15,0,1,0,0,0,0,0,0,0,0,0,0,2012,0,0,0,1,0,0,0,0,1,0.348333,0.096475,1,0,0,0,1,1,1,0,0,0,0,0,0,0,0,0,0,0,141,4028,4169,3776.650403975036
16,0,1,0,0,0,0,0,0,0,0,0,0,2012,0,0,0,0,1,0,0,0,1,0.316667,0.068835436725,1,0,0,0,0,1,0,1,1,1,0,0,0,0,0,0,0,0,74,2931,3005,3540.35298475585
17,0,1,0,0,0,0,0,0,0,0,0,0,2012,0,0,0,0,0,1,0,0,1,0.343333,0.130626372218,1,0,0,0,1,1,1,0,0,0,0,0,0,0,0,0,0,0,349,3805,4154,3839.4085502925136
18,0,1,0,0,0,0,0,0,0,0,0,0,2012,0,0,0,0,0,0,1,0,0,0.346667,0.102067397607,1,0,0,0,1,1,1,0,0,0,0,0,0,0,0,0,0,0,1435,2883,4318,3823.872666121691
19,0,1,0,0,0,0,0,0,0,0,0,0,2012,1,0,0,0,0,0,0,0,0,0.28,0.130563522296,1,0,0,0,0,1,0,1,1,1,0,0,0,0,0,0,0,0,618,2071,2689,3314.20944807256
20,0,1,0,0,0,0,0,0,0,0,0,0,2012,0,1,0,0,0,0,0,1,0,0.28,0.11633430355800001,1,0,0,0,1,1,1,0,0,0,0,0,0,0,0,0,0,0,502,2627,3129,3429.755678095988
21,0,1,0,0,0,0,0,0,0,0,0,0,2012,0,0,1,0,0,0,0,0,1,0.287826,0.122267487516,1,0,0,0,1,1,1,0,0,0,0,0,0,0,0,0,0,0,163,3614,3777,3846.057586215404
22,0,1,0,0,0,0,0,0,0,0,0,0,2012,0,0,0,1,0,0,0,0,1,0.395833,0.133160066907,1,0,0,0,1,1,1,0,0,0,0,0,0,0,0,0,0,0,394,4379,4773,4331.417080550224
23,0,1,0,0,0,0,0,0,0,0,0,0,2012,0,0,0,0,1,0,0,0,1,0.454167,0.105877104279,1,0,0,0,1,1,1,0,0,0,0,0,0,0,0,0,0,0,516,4546,5062,4375.193655435268
24,0,1,0,0,0,0,0,0,0,0,0,0,2012,0,0,0,0,0,1,0,0,1,0.4075,0.1752056625,1,0,0,0,0,1,0,1,1,1,0,0,0,0,0,0,0,0,246,3241,3487,3732.16388575558
26,0,1,0,0,0,0,0,0,0,0,0,0,2012,1,0,0,0,0,0,0,0,0,0.279167,0.08414389,1,0,0,0,1,1,1,0,0,0,0,0,0,0,0,0,0,0,515,2874,3389,3538.7301197388338
27,0,1,0,0,0,0,0,0,0,0,0,0,2012,0,1,0,0,0,0,0,0,1,0.366667,0.131559441489,1,0,0,0,1,1,1,0,0,0,0,0,0,0,0,0,0,0,253,4069,4322,3892.8923573850298
28,0,1,0,0,0,0,0,0,0,0,0,0,2012,0,0,1,0,0,0,0,0,1,0.359167,0.076560831361,1,0,0,0,1,1,1,0,0,0,0,0,0,0,0,0,0,0,229,4134,4363,3817.946952416255
29,0,1,0,0,0,0,0,0,0,0,0,0,2012,0,0,0,1,0,0,0,0,1,0.344348,0.144150316611,1,0,0,0,0,1,0,1,1,1,0,0,0,0,0,0,0,0,65,1769,1834,3197.948499863735
1,0,0,1,0,0,0,0,0,0,0,0,0,2012,0,0,0,0,1,0,0,0,1,0.485833,0.13969165857899998,1,0,0,0,1,1,1,0,0,0,0,0,0,0,0,0,0,0,325,4665,4990,3941.8985471749497
2,0,0,1,0,0,0,0,0,0,0,0,0,2012,0,0,0,0,0,1,0,0,1,0.353333,0.095213955032,1,0,0,0,0,1,0,1,1,1,0,0,0,0,0,0,0,0,246,2948,3194,3637.747141661114
3,0,0,1,0,0,0,0,0,0,0,0,0,2012,0,0,0,0,0,0,1,0,0,0.414167,0.10007032874999999,1,0,0,0,0,1,0,1,1,1,0,0,0,0,0,0,0,0,956,3110,4066,3777.3428778083926
4,0,0,1,0,0,0,0,0,0,0,0,0,2012,1,0,0,0,0,0,0,0,0,0.325833,0.134943525143,1,0,0,0,1,1,1,0,0,0,0,0,0,0,0,0,0,0,710,2713,3423,3628.281491764064
5,0,0,1,0,0,0,0,0,0,0,0,0,2012,0,1,0,0,0,0,0,0,1,0.243333,0.1158593625,1,0,0,0,1,1,1,0,0,0,0,0,0,0,0,0,0,0,203,3130,3333,3684.5015974837984
6,0,0,1,0,0,0,0,0,0,0,0,0,2012,0,0,1,0,0,0,0,0,1,0.258333,0.091732983625,1,0,0,0,1,1,1,0,0,0,0,0,0,0,0,0,0,0,221,3735,3956,4092.223300687332
7,0,0,1,0,0,0,0,0,0,0,0,0,2012,0,0,0,1,0,0,0,0,1,0.404167,0.17749977140700002,1,0,0,0,1,1,1,0,0,0,0,0,0,0,0,0,0,0,432,4484,4916,4636.168304578196
10,0,0,1,0,0,0,0,0,0,0,0,0,2012,0,0,0,0,0,0,1,0,0,0.2875,0.07910663775,1,0,0,0,1,1,1,0,0,0,0,0,0,0,0,0,0,0,968,3150,4118,4578.747990643451
11,0,0,1,0,0,0,0,0,0,0,0,0,2012,1,0,0,0,0,0,0,0,0,0.361739,0.10616442775900001,1,0,0,0,1,1,1,0,0,0,0,0,0,0,0,0,0,0,1658,3253,4911,4935.567437366785
12,0,0,1,0,0,0,0,0,0,0,0,0,2012,0,1,0,0,0,0,0,0,1,0.466667,0.10160634507100001,1,0,0,0,1,1,1,0,0,0,0,0,0,0,0,0,0,0,838,4460,5298,5316.954321456904
13,0,0,1,0,0,0,0,0,0,0,0,0,2012,0,0,1,0,0,0,0,0,1,0.565,0.146316625,1,0,0,0,1,1,1,0,0,0,0,0,0,0,0,0,0,0,762,5085,5847,5717.295527003926
14,0,0,1,0,0,0,0,0,0,0,0,0,2012,0,0,0,1,0,0,0,0,1,0.5725,0.05834598414599999,1,0,0,0,1,1,1,0,0,0,0,0,0,0,0,0,0,0,997,5315,6312,5987.932259554872
15,0,0,1,0,0,0,0,0,0,0,0,0,2012,0,0,0,0,1,0,0,0,1,0.5575,0.08686963878899999,1,0,0,0,1,1,1,0,0,0,0,0,0,0,0,0,0,0,1005,5187,6192,5934.501251660689
16,0,0,1,0,0,0,0,0,0,0,0,0,2012,0,0,0,0,0,1,0,0,1,0.435833,0.09531705893600001,1,0,0,0,0,1,0,1,1,1,0,0,0,0,0,0,0,0,548,3830,4378,5623.571495427197
18,0,0,1,0,0,0,0,0,0,0,0,0,2012,1,0,0,0,0,0,0,0,0,0.4725,0.10277523000000001,1,0,0,0,0,1,0,1,1,1,0,0,0,0,0,0,0,0,2207,3685,5892,6215.06820843551
19,0,0,1,0,0,0,0,0,0,0,0,0,2012,0,1,0,0,0,0,0,0,1,0.545,0.11828851374999999,1,0,0,0,1,1,1,0,0,0,0,0,0,0,0,0,0,0,982,5171,6153,6194.991390685628
20,0,0,1,0,0,0,0,0,0,0,0,0,2012,0,0,1,0,0,0,0,0,1,0.560833,0.097976902507,1,0,0,0,1,1,1,0,0,0,0,0,0,0,0,0,0,0,1051,5042,6093,6216.905963621376
21,0,0,1,0,0,0,0,0,0,0,0,0,2012,0,0,0,1,0,0,0,0,1,0.531667,0.073549753875,0,1,0,0,0,1,0,1,1,1,0,0,0,0,0,0,0,0,1122,5108,6230,6362.726500178501
22,0,0,1,0,0,0,0,0,0,0,0,0,2012,0,0,0,0,1,0,0,0,1,0.554167,0.09772341250000001,0,1,0,0,1,1,1,0,0,0,0,0,0,0,0,0,0,0,1334,5537,6871,6641.273536914126
24,0,0,1,0,0,0,0,0,0,0,0,0,2012,0,0,0,0,0,0,1,0,0,0.5025,0.17069334551100002,0,1,0,0,0,1,0,1,1,1,0,0,0,0,0,0,0,0,1033,2339,3372,5067.008794777511
25,0,0,1,0,0,0,0,0,0,0,0,0,2012,1,0,0,0,0,0,0,0,0,0.4375,0.194465905575,0,1,0,0,0,1,0,1,1,1,0,0,0,0,0,0,0,0,1532,3464,4996,5138.9322737686525
27,0,0,1,0,0,0,0,0,0,0,0,0,2012,0,0,1,0,0,0,0,0,1,0.323333,0.054285679999999996,0,1,0,0,1,1,1,0,0,0,0,0,0,0,0,0,0,0,531,4571,5102,5364.431805816687
28,0,0,1,0,0,0,0,0,0,0,0,0,2012,0,0,0,1,0,0,0,0,1,0.484167,0.14036666875,0,1,0,0,1,1,1,0,0,0,0,0,0,0,0,0,0,0,674,5024,5698,5637.507390921614
29,0,0,1,0,0,0,0,0,0,0,0,0,2012,0,0,0,0,1,0,0,0,1,0.494167,0.14037973155,0,1,0,0,1,1,1,0,0,0,0,0,0,0,0,0,0,0,834,5299,6133,5850.090366948157
30,0,0,1,0,0,0,0,0,0,0,0,0,2012,0,0,0,0,0,1,0,0,1,0.37,0.080193869811,0,1,0,0,0,1,0,1,1,1,0,0,0,0,0,0,0,0,796,4663,5459,5779.763709922856
31,0,0,1,0,0,0,0,0,0,0,0,0,2012,0,0,0,0,0,0,1,0,0,0.424167,0.185038801461,0,1,0,0,0,1,0,1,1,1,0,0,0,0,0,0,0,0,2301,3934,6235,6030.20076282041
2,0,0,0,1,0,0,0,0,0,0,0,0,2012,0,1,0,0,0,0,0,0,1,0.433913,0.157426680372,0,1,0,0,1,1,1,0,0,0,0,0,0,0,0,0,0,0,1208,4728,5936,6156.314972794715
3,0,0,0,1,0,0,0,0,0,0,0,0,2012,0,0,1,0,0,0,0,0,1,0.466667,0.039719456711,0,1,0,0,1,1,1,0,0,0,0,0,0,0,0,0,0,0,1348,5424,6772,6457.106339845769
4,0,0,0,1,0,0,0,0,0,0,0,0,2012,0,0,0,1,0,0,0,0,1,0.541667,0.084982783425,0,1,0,0,1,1,1,0,0,0,0,0,0,0,0,0,0,0,1058,5378,6436,6443.004046742592
5,0,0,0,1,0,0,0,0,0,0,0,0,2012,0,0,0,0,1,0,0,0,1,0.435,0.082140507343,0,1,0,0,1,1,1,0,0,0,0,0,0,0,0,0,0,0,1192,5265,6457,6435.905800382008
6,0,0,0,1,0,0,0,0,0,0,0,0,2012,0,0,0,0,0,1,0,0,1,0.403333,0.113271208204,0,1,0,0,1,1,1,0,0,0,0,0,0,0,0,0,0,0,1807,4653,6460,6407.713354403431
8,0,0,0,1,0,0,0,0,0,0,0,0,2012,1,0,0,0,0,0,0,0,0,0.5,0.064157652468,0,1,0,0,1,1,1,0,0,0,0,0,0,0,0,0,0,0,2230,2939,5169,5716.989434081425
9,0,0,0,1,0,0,0,0,0,0,0,0,2012,0,1,0,0,0,0,0,0,1,0.489167,0.11372723000000001,0,1,0,0,1,1,1,0,0,0,0,0,0,0,0,0,0,0,905,4680,5585,5654.734039415989
10,0,0,0,1,0,0,0,0,0,0,0,0,2012,0,0,1,0,0,0,0,0,1,0.446667,0.10847812500000001,0,1,0,0,1,1,1,0,0,0,0,0,0,0,0,0,0,0,819,5099,5918,5662.212684166541
11,0,0,0,1,0,0,0,0,0,0,0,0,2012,0,0,0,1,0,0,0,0,1,0.348696,0.13865033581,0,1,0,0,1,1,1,0,0,0,0,0,0,0,0,0,0,0,482,4380,4862,5413.904013083635
12,0,0,0,1,0,0,0,0,0,0,0,0,2012,0,0,0,0,1,0,0,0,1,0.3975,0.13541252125,0,1,0,0,1,1,1,0,0,0,0,0,0,0,0,0,0,0,663,4746,5409,5717.499355084362
13,0,0,0,1,0,0,0,0,0,0,0,0,2012,0,0,0,0,0,1,0,0,1,0.4425,0.063483939843,0,1,0,0,1,1,1,0,0,0,0,0,0,0,0,0,0,0,1252,5146,6398,6329.594052169451
16,0,0,0,1,0,0,0,0,0,0,0,0,2012,0,1,0,0,0,0,0,1,0,0.664167,0.159979049943,0,1,0,0,1,1,1,0,0,0,0,0,0,0,0,0,0,0,1198,5172,6370,6485.480254883582
17,0,0,0,1,0,0,0,0,0,0,0,0,2012,0,0,1,0,0,0,0,0,1,0.608333,0.10682941329300001,0,1,0,0,1,1,1,0,0,0,0,0,0,0,0,0,0,0,989,5702,6691,6256.186412548223
18,0,0,0,1,0,0,0,0,0,0,0,0,2012,0,0,0,1,0,0,0,0,1,0.463333,0.095569969304,0,1,0,0,0,1,0,1,1,1,0,0,0,0,0,0,0,0,347,4020,4367,5592.078982761086
19,0,0,0,1,0,0,0,0,0,0,0,0,2012,0,0,0,0,1,0,0,0,1,0.498333,0.040381635,0,1,0,0,1,1,1,0,0,0,0,0,0,0,0,0,0,0,846,5719,6565,6153.050535735035
20,0,0,0,1,0,0,0,0,0,0,0,0,2012,0,0,0,0,0,1,0,0,1,0.526667,0.10409784879299999,0,1,0,0,1,1,1,0,0,0,0,0,0,0,0,0,0,0,1340,5950,7290,6302.072624444018
22,0,0,0,1,0,0,0,0,0,0,0,0,2012,1,0,0,0,0,0,0,0,0,0.396667,0.287839585682,0,1,0,0,0,0,0,0,0,0,1,1,1,1,0,0,1,0,120,907,1027,3463.429388347043
23,0,0,0,1,0,0,0,0,0,0,0,0,2012,0,1,0,0,0,0,0,0,1,0.321667,0.232680367832,0,1,0,0,0,1,0,1,1,1,0,0,0,0,0,0,0,0,195,3019,3214,3900.1208274441096
24,0,0,0,1,0,0,0,0,0,0,0,0,2012,0,0,1,0,0,0,0,0,1,0.413333,0.11326152896099999,0,1,0,0,1,1,1,0,0,0,0,0,0,0,0,0,0,0,518,5115,5633,5022.933093985286
25,0,0,0,1,0,0,0,0,0,0,0,0,2012,0,0,0,1,0,0,0,0,1,0.476667,0.050833116264,0,1,0,0,1,1,1,0,0,0,0,0,0,0,0,0,0,0,655,5541,6196,5535.67845451175
26,0,0,0,1,0,0,0,0,0,0,0,0,2012,0,0,0,0,1,0,0,0,1,0.498333,0.133646308875,0,1,0,0,0,1,0,1,1,1,0,0,0,0,0,0,0,0,475,4551,5026,5388.102269549963
27,0,0,0,1,0,0,0,0,0,0,0,0,2012,0,0,0,0,0,1,0,0,1,0.4575,0.13934277828900002,0,1,0,0,1,1,1,0,0,0,0,0,0,0,0,0,0,0,1014,5219,6233,5602.62835413814
28,0,0,0,1,0,0,0,0,0,0,0,0,2012,0,0,0,0,0,0,1,0,0,0.376667,0.063633550425,0,1,0,0,0,1,0,1,1,1,0,0,0,0,0,0,0,0,1120,3100,4220,5186.782792864455
29,0,0,0,1,0,0,0,0,0,0,0,0,2012,1,0,0,0,0,0,0,0,0,0.458333,0.068634699364,0,1,0,0,1,1,1,0,0,0,0,0,0,0,0,0,0,0,2229,4075,6304,5737.720024455224
30,0,0,0,1,0,0,0,0,0,0,0,0,2012,0,1,0,0,0,0,0,0,1,0.464167,0.09783366,0,1,0,0,0,1,0,1,1,1,0,0,0,0,0,0,0,0,665,4907,5572,5722.377280501219
1,0,0,0,0,1,0,0,0,0,0,0,0,2012,0,0,1,0,0,0,0,0,1,0.613333,0.10295826796800002,0,1,0,0,0,1,0,1,1,1,0,0,0,0,0,0,0,0,653,5087,5740,5857.411817048432
2,0,0,0,0,1,0,0,0,0,0,0,0,2012,0,0,0,1,0,0,0,0,1,0.564167,0.11004368481399998,0,1,0,0,1,1,1,0,0,0,0,0,0,0,0,0,0,0,667,5502,6169,6109.858170644077
3,0,0,0,0,1,0,0,0,0,0,0,0,2012,0,0,0,0,1,0,0,0,1,0.56,0.10272304876800001,0,1,0,0,0,1,0,1,1,1,0,0,0,0,0,0,0,0,764,5657,6421,6303.1626948838
4,0,0,0,0,1,0,0,0,0,0,0,0,2012,0,0,0,0,0,1,0,0,1,0.6275,0.119827375146,0,1,0,0,1,1,1,0,0,0,0,0,0,0,0,0,0,0,1069,5227,6296,6378.629914007324
6,0,0,0,0,1,0,0,0,0,0,0,0,2012,1,0,0,0,0,0,0,0,0,0.5625,0.11091046,0,1,0,0,0,1,0,1,1,1,0,0,0,0,0,0,0,0,2135,4224,6359,6348.551227407192
7,0,0,0,0,1,0,0,0,0,0,0,0,2012,0,1,0,0,0,0,0,0,1,0.5375,0.153237274407,0,1,0,0,0,1,0,1,1,1,0,0,0,0,0,0,0,0,1008,5265,6273,6149.926635083403
8,0,0,0,0,1,0,0,0,0,0,0,0,2012,0,0,1,0,0,0,0,0,1,0.581667,0.203026457157,0,1,0,0,0,1,0,1,1,1,0,0,0,0,0,0,0,0,738,4990,5728,5828.228677843017
9,0,0,0,0,1,0,0,0,0,0,0,0,2012,0,0,0,1,0,0,0,0,1,0.575,0.161046668804,0,1,0,0,0,1,0,1,1,1,0,0,0,0,0,0,0,0,620,4097,4717,5606.759398445649
10,0,0,0,0,1,0,0,0,0,0,0,0,2012,0,0,0,0,1,0,0,0,1,0.505833,0.173388843229,0,1,0,0,1,1,1,0,0,0,0,0,0,0,0,0,0,0,1026,5546,6572,6275.04951749393
11,0,0,0,0,1,0,0,0,0,0,0,0,2012,0,0,0,0,0,1,0,0,1,0.533333,0.085396122729,0,1,0,0,1,1,1,0,0,0,0,0,0,0,0,0,0,0,1319,5711,7030,6646.38915403614
13,0,0,0,0,1,0,0,0,0,0,0,0,2012,1,0,0,0,0,0,0,0,0,0.6125,0.12972367125,0,1,0,0,1,1,1,0,0,0,0,0,0,0,0,0,0,0,2172,3946,6118,5826.964679807328
14,0,0,0,0,1,0,0,0,0,0,0,0,2012,0,1,0,0,0,0,0,0,1,0.573333,0.167937987436,0,1,0,0,0,1,0,1,1,1,0,0,0,0,0,0,0,0,342,2501,2843,4728.776094807495
15,0,0,0,0,1,0,0,0,0,0,0,0,2012,0,0,1,0,0,0,0,0,1,0.611667,0.117115177536,0,1,0,0,0,1,0,1,1,1,0,0,0,0,0,0,0,0,625,4490,5115,5516.363604615156
16,0,0,0,0,1,0,0,0,0,0,0,0,2012,0,0,0,1,0,0,0,0,1,0.636667,0.08550320750399999,0,1,0,0,1,1,1,0,0,0,0,0,0,0,0,0,0,0,991,6433,7424,6705.314719037973
17,0,0,0,0,1,0,0,0,0,0,0,0,2012,0,0,0,0,1,0,0,0,1,0.593333,0.11932700000000002,0,1,0,0,1,1,1,0,0,0,0,0,0,0,0,0,0,0,1242,6142,7384,7175.5805524987645
18,0,0,0,0,1,0,0,0,0,0,0,0,2012,0,0,0,0,0,1,0,0,1,0.564167,0.071600851061,0,1,0,0,1,1,1,0,0,0,0,0,0,0,0,0,0,0,1521,6118,7639,7437.426938458319
21,0,0,0,0,1,0,0,0,0,0,0,0,2012,0,1,0,0,0,0,0,0,1,0.598333,0.189186745,0,1,0,0,0,1,0,1,1,1,0,0,0,0,0,0,0,0,630,3729,4359,5658.321287634593
22,0,0,0,0,1,0,0,0,0,0,0,0,2012,0,0,1,0,0,0,0,0,1,0.615,0.09049618811099999,0,1,0,0,0,1,0,1,1,1,0,0,0,0,0,0,0,0,819,5254,6073,5854.290012733517
23,0,0,0,0,1,0,0,0,0,0,0,0,2012,0,0,0,1,0,0,0,0,1,0.621667,0.079007466,0,1,0,0,0,1,0,1,1,1,0,0,0,0,0,0,0,0,766,4494,5260,5831.548750565959
24,0,0,0,0,1,0,0,0,0,0,0,0,2012,0,0,0,0,1,0,0,0,1,0.655,0.123908857632,0,1,0,0,1,1,1,0,0,0,0,0,0,0,0,0,0,0,1059,5711,6770,6380.356238964361
25,0,0,0,0,1,0,0,0,0,0,0,0,2012,0,0,0,0,0,1,0,0,1,0.68,0.10500251565000002,0,1,0,0,1,1,1,0,0,0,0,0,0,0,0,0,0,0,1417,5317,6734,6539.519966327124
29,0,0,0,0,1,0,0,0,0,0,0,0,2012,0,0,1,0,0,0,0,0,1,0.7225,0.20222581820000002,0,1,0,0,1,1,1,0,0,0,0,0,0,0,0,0,0,0,880,4863,5743,6168.117129740242
30,0,0,0,0,1,0,0,0,0,0,0,0,2012,0,0,0,1,0,0,0,0,1,0.656667,0.09000043,0,1,0,0,0,1,0,1,1,1,0,0,0,0,0,0,0,0,745,6110,6855,6545.2820080660085
31,0,0,0,0,1,0,0,0,0,0,0,0,2012,0,0,0,0,1,0,0,0,1,0.68,0.096256338843,0,1,0,0,1,1,1,0,0,0,0,0,0,0,0,0,0,0,1100,6238,7338,6612.728894457783
1,0,0,0,0,0,1,0,0,0,0,0,0,2012,0,0,0,0,0,1,0,0,1,0.654167,0.179459128771,0,1,0,0,0,1,0,1,1,1,0,0,0,0,0,0,0,0,533,3594,4127,5954.904675307342
4,0,0,0,0,0,1,0,0,0,0,0,0,2012,0,1,0,0,0,0,0,0,1,0.5975,0.138737312139,0,1,0,0,1,1,1,0,0,0,0,0,0,0,0,0,0,0,1071,5927,6998,7134.167025791914
5,0,0,0,0,0,1,0,0,0,0,0,0,2012,0,0,1,0,0,0,0,0,1,0.540833,0.128539263475,0,1,0,0,0,1,0,1,1,1,0,0,0,0,0,0,0,0,968,6033,7001,7104.450358290357
6,0,0,0,0,0,1,0,0,0,0,0,0,2012,0,0,0,1,0,0,0,0,1,0.554167,0.04714265625,0,1,0,0,1,1,1,0,0,0,0,0,0,0,0,0,0,0,1027,6028,7055,7178.1840490791565
7,0,0,0,0,0,1,0,0,0,0,0,0,2012,0,0,0,0,1,0,0,0,1,0.6025,0.08923051004999999,0,1,0,0,1,1,1,0,0,0,0,0,0,0,0,0,0,0,1038,6456,7494,7375.101788947114
8,0,0,0,0,0,1,0,0,0,0,0,0,2012,0,0,0,0,0,1,0,0,1,0.649167,0.082064687211,0,1,0,0,1,1,1,0,0,0,0,0,0,0,0,0,0,0,1488,6248,7736,7453.121317762184
10,0,0,0,0,0,1,0,0,0,0,0,0,2012,1,0,0,0,0,0,0,0,0,0.726667,0.071986427093,0,1,0,0,1,1,1,0,0,0,0,0,0,0,0,0,0,0,2224,4374,6598,6793.665175256127
11,0,0,0,0,0,1,0,0,0,0,0,0,2012,0,1,0,0,0,0,0,0,1,0.720833,0.122118003821,0,1,0,0,0,1,0,1,1,1,0,0,0,0,0,0,0,0,1017,5647,6664,6534.7333614289455
12,0,0,0,0,0,1,0,0,0,0,0,0,2012,0,0,1,0,0,0,0,0,1,0.653333,0.17878826181799998,0,1,0,0,0,1,0,1,1,1,0,0,0,0,0,0,0,0,477,4495,4972,6146.534909030708
13,0,0,0,0,0,1,0,0,0,0,0,0,2012,0,0,0,1,0,0,0,0,1,0.655833,0.199816870157,0,1,0,0,1,1,1,0,0,0,0,0,0,0,0,0,0,0,1173,6248,7421,6932.871365663179
14,0,0,0,0,0,1,0,0,0,0,0,0,2012,0,0,0,0,1,0,0,0,1,0.648333,0.14452200333899998,0,1,0,0,1,1,1,0,0,0,0,0,0,0,0,0,0,0,1180,6183,7363,7231.079187958828
15,0,0,0,0,0,1,0,0,0,0,0,0,2012,0,0,0,0,0,1,0,0,1,0.639167,0.10413038071099999,0,1,0,0,1,1,1,0,0,0,0,0,0,0,0,0,0,0,1563,6102,7665,7397.366198213303
18,0,0,0,0,0,1,0,0,0,0,0,0,2012,0,1,0,0,0,0,0,0,1,0.568333,0.135937884082,0,1,0,0,0,1,0,1,1,1,0,0,0,0,0,0,0,0,653,4446,5099,6092.05665880876
19,0,0,0,0,0,1,0,0,0,0,0,0,2012,0,0,1,0,0,0,0,0,1,0.688333,0.10213173,0,1,0,0,1,1,1,0,0,0,0,0,0,0,0,0,0,0,968,5857,6825,6388.477954596331
20,0,0,0,0,0,1,0,0,0,0,0,0,2012,0,0,0,1,0,0,0,0,1,0.7825,0.067386150396,0,1,0,0,1,1,1,0,0,0,0,0,0,0,0,0,0,0,872,5339,6211,6248.377204980235
21,0,0,0,0,0,1,0,0,0,0,0,0,2012,0,0,0,0,1,0,0,0,1,0.805833,0.067461156679,0,0,1,0,1,1,1,0,0,0,0,0,0,0,0,0,0,0,778,5127,5905,6145.653660344372
22,0,0,0,0,0,1,0,0,0,0,0,0,2012,0,0,0,0,0,1,0,0,1,0.7775,0.1049055975,0,0,1,0,1,1,1,0,0,0,0,0,0,0,0,0,0,0,964,4859,5823,6283.583776052882
25,0,0,0,0,0,1,0,0,0,0,0,0,2012,0,1,0,0,0,0,0,0,1,0.715833,0.151443195961,0,0,1,0,1,1,1,0,0,0,0,0,0,0,0,0,0,0,1139,5640,6779,6941.030014355551
26,0,0,0,0,0,1,0,0,0,0,0,0,2012,0,0,1,0,0,0,0,0,1,0.630833,0.12978623078600002,0,0,1,0,1,1,1,0,0,0,0,0,0,0,0,0,0,0,1077,6365,7442,7139.380815676711
27,0,0,0,0,0,1,0,0,0,0,0,0,2012,0,0,0,1,0,0,0,0,1,0.6975,0.097839,0,0,1,0,1,1,1,0,0,0,0,0,0,0,0,0,0,0,1077,6258,7335,7035.112432674582
28,0,0,0,0,0,1,0,0,0,0,0,0,2012,0,0,0,0,1,0,0,0,1,0.749167,0.07252212499999999,0,0,1,0,1,1,1,0,0,0,0,0,0,0,0,0,0,0,921,5958,6879,6630.956482347036
29,0,0,0,0,0,1,0,0,0,0,0,0,2012,0,0,0,0,0,1,0,0,1,0.834167,0.08084755875,0,0,1,0,1,1,1,0,0,0,0,0,0,0,0,0,0,0,829,4634,5463,5978.757014366528
30,0,0,0,0,0,1,0,0,0,0,0,0,2012,0,0,0,0,0,0,1,0,0,0.765,0.09684393874999998,0,0,1,0,1,1,1,0,0,0,0,0,0,0,0,0,0,0,1455,4232,5687,5842.314560752548
1,0,0,0,0,0,0,1,0,0,0,0,0,2012,1,0,0,0,0,0,0,0,0,0.815833,0.08742441875000001,0,0,1,0,1,1,1,0,0,0,0,0,0,0,0,0,0,0,1421,4110,5531,5861.186667891113
2,0,0,0,0,0,0,1,0,0,0,0,0,2012,0,1,0,0,0,0,0,0,1,0.781667,0.087300556161,0,0,1,0,1,1,1,0,0,0,0,0,0,0,0,0,0,0,904,5323,6227,6210.245442920792
3,0,0,0,0,0,0,1,0,0,0,0,0,2012,0,0,1,0,0,0,0,0,1,0.780833,0.06211908167099999,0,0,1,0,1,1,1,0,0,0,0,0,0,0,0,0,0,0,1052,5608,6660,6542.549660871262
5,0,0,0,0,0,0,1,0,0,0,0,0,2012,0,0,0,0,1,0,0,0,1,0.8275,0.08884917759300001,0,0,1,0,1,1,1,0,0,0,0,0,0,0,0,0,0,0,1405,4836,6241,6326.660958207719
6,0,0,0,0,0,0,1,0,0,0,0,0,2012,0,0,0,0,0,1,0,0,1,0.828333,0.065885636286,0,0,1,0,1,1,1,0,0,0,0,0,0,0,0,0,0,0,1366,4841,6207,5981.579334930163
7,0,0,0,0,0,0,1,0,0,0,0,0,2012,0,0,0,0,0,0,1,0,0,0.861667,0.080482142982,0,0,1,0,1,1,1,0,0,0,0,0,0,0,0,0,0,0,1448,3392,4840,5411.07704658277
8,0,0,0,0,0,0,1,0,0,0,0,0,2012,1,0,0,0,0,0,0,0,0,0.8225,0.07207963875,0,0,1,0,1,1,1,0,0,0,0,0,0,0,0,0,0,0,1203,3469,4672,5411.651804818146
9,0,0,0,0,0,0,1,0,0,0,0,0,2012,0,1,0,0,0,0,0,0,1,0.710833,0.123666189675,0,0,1,0,0,1,0,1,1,1,0,0,0,0,0,0,0,0,998,5571,6569,6151.878367871669
10,0,0,0,0,0,0,1,0,0,0,0,0,2012,0,0,1,0,0,0,0,0,1,0.720833,0.1012844475,0,0,1,0,0,1,0,1,1,1,0,0,0,0,0,0,0,0,954,5336,6290,6474.98329879686
11,0,0,0,0,0,0,1,0,0,0,0,0,2012,0,0,0,1,0,0,0,0,1,0.716667,0.09609751608900001,0,0,1,0,1,1,1,0,0,0,0,0,0,0,0,0,0,0,975,6289,7264,6983.071528518913
12,0,0,0,0,0,0,1,0,0,0,0,0,2012,0,0,0,0,1,0,0,0,1,0.715833,0.077729544825,0,0,1,0,1,1,1,0,0,0,0,0,0,0,0,0,0,0,1032,6414,7446,7210.2312867598785
13,0,0,0,0,0,0,1,0,0,0,0,0,2012,0,0,0,0,0,1,0,0,1,0.731667,0.03927959805,0,0,1,0,0,1,0,1,1,1,0,0,0,0,0,0,0,0,1511,5988,7499,7201.622331760724
15,0,0,0,0,0,0,1,0,0,0,0,0,2012,1,0,0,0,0,0,0,0,0,0.745833,0.119653072639,0,0,1,0,1,1,1,0,0,0,0,0,0,0,0,0,0,0,1920,4111,6031,6516.284793806153
16,0,0,0,0,0,0,1,0,0,0,0,0,2012,0,1,0,0,0,0,0,0,1,0.763333,0.105900615,0,0,1,0,1,1,1,0,0,0,0,0,0,0,0,0,0,0,1088,5742,6830,6622.218672896167
17,0,0,0,0,0,0,1,0,0,0,0,0,2012,0,0,1,0,0,0,0,0,1,0.818333,0.057881964357,0,0,1,0,1,1,1,0,0,0,0,0,0,0,0,0,0,0,921,5865,6786,6520.371224882348
18,0,0,0,0,0,0,1,0,0,0,0,0,2012,0,0,0,1,0,0,0,0,1,0.793333,0.07931544168600001,0,0,1,0,1,1,1,0,0,0,0,0,0,0,0,0,0,0,799,4914,5713,6152.895001750876
19,0,0,0,0,0,0,1,0,0,0,0,0,2012,0,0,0,0,1,0,0,0,1,0.77,0.099326383893,0,0,1,0,1,1,1,0,0,0,0,0,0,0,0,0,0,0,888,5703,6591,6225.31378037028
20,0,0,0,0,0,0,1,0,0,0,0,0,2012,0,0,0,0,0,1,0,0,1,0.665833,0.17640304548900002,0,0,1,0,0,1,0,1,1,1,0,0,0,0,0,0,0,0,747,5123,5870,5932.046339359965
21,0,0,0,0,0,0,1,0,0,0,0,0,2012,0,0,0,0,0,0,1,0,0,0.595833,0.1845934461,0,0,1,0,0,0,0,0,0,0,1,1,1,1,0,0,1,0,1264,3195,4459,5700.825237709613
23,0,0,0,0,0,0,1,0,0,0,0,0,2012,0,1,0,0,0,0,0,0,1,0.741667,0.096269162061,0,0,1,0,1,1,1,0,0,0,0,0,0,0,0,0,0,0,1135,5831,6966,7023.462883597014
24,0,0,0,0,0,0,1,0,0,0,0,0,2012,0,0,1,0,0,0,0,0,1,0.750833,0.13850237,0,0,1,0,1,1,1,0,0,0,0,0,0,0,0,0,0,0,1140,6452,7592,7392.959277022166
25,0,0,0,0,0,0,1,0,0,0,0,0,2012,0,0,0,1,0,0,0,0,1,0.724167,0.07416,0,0,1,0,1,1,1,0,0,0,0,0,0,0,0,0,0,0,1383,6790,8173,7563.414947469485
26,0,0,0,0,0,0,1,0,0,0,0,0,2012,0,0,0,0,1,0,0,0,1,0.776667,0.16993851827099998,0,0,1,0,1,1,1,0,0,0,0,0,0,0,0,0,0,0,1036,5825,6861,7124.285565386289
27,0,0,0,0,0,0,1,0,0,0,0,0,2012,0,0,0,0,0,1,0,0,1,0.781667,0.09096644233599999,0,0,1,0,1,1,1,0,0,0,0,0,0,0,0,0,0,0,1259,5645,6904,6948.441748689382
28,0,0,0,0,0,0,1,0,0,0,0,0,2012,0,0,0,0,0,0,1,0,0,0.755833,0.09650794755,0,0,1,0,1,1,1,0,0,0,0,0,0,0,0,0,0,0,2234,4451,6685,6817.039680681857
29,0,0,0,0,0,0,1,0,0,0,0,0,2012,1,0,0,0,0,0,0,0,0,0.721667,0.106284505,0,0,1,0,1,1,1,0,0,0,0,0,0,0,0,0,0,0,2153,4444,6597,6817.677293356189
30,0,0,0,0,0,0,1,0,0,0,0,0,2012,0,1,0,0,0,0,0,0,1,0.730833,0.10273136875,0,0,1,0,1,1,1,0,0,0,0,0,0,0,0,0,0,0,1040,6065,7105,7038.99219938671
31,0,0,0,0,0,0,1,0,0,0,0,0,2012,0,0,1,0,0,0,0,0,1,0.713333,0.11648682597499999,0,0,1,0,1,1,1,0,0,0,0,0,0,0,0,0,0,0,968,6248,7216,7194.299304803942
1,0,0,0,0,0,0,0,1,0,0,0,0,2012,0,0,0,1,0,0,0,0,1,0.7175,0.09564877249999999,0,0,1,0,1,1,1,0,0,0,0,0,0,0,0,0,0,0,1074,6506,7580,7327.905715025115
2,0,0,0,0,0,0,0,1,0,0,0,0,2012,0,0,0,0,1,0,0,0,1,0.7525,0.085319699382,0,0,1,0,1,1,1,0,0,0,0,0,0,0,0,0,0,0,983,6278,7261,7209.417840271403
3,0,0,0,0,0,0,0,1,0,0,0,0,2012,0,0,0,0,0,1,0,0,1,0.765833,0.13864636,0,0,1,0,0,1,0,1,1,1,0,0,0,0,0,0,0,0,1328,5847,7175,7039.347805789096
5,0,0,0,0,0,0,0,1,0,0,0,0,2012,1,0,0,0,0,0,0,0,0,0.769167,0.18949970249999998,0,0,1,0,1,1,1,0,0,0,0,0,0,0,0,0,0,0,1707,3757,5464,6337.528925498557
6,0,0,0,0,0,0,0,1,0,0,0,0,2012,0,1,0,0,0,0,0,0,1,0.7525,0.084619118118,0,0,1,0,0,1,0,1,1,1,0,0,0,0,0,0,0,0,1233,5780,7013,6814.961199399788
7,0,0,0,0,0,0,0,1,0,0,0,0,2012,0,0,1,0,0,0,0,0,1,0.735833,0.082274005,0,0,1,0,0,1,0,1,1,1,0,0,0,0,0,0,0,0,1278,5995,7273,7094.354672700807
8,0,0,0,0,0,0,0,1,0,0,0,0,2012,0,0,0,1,0,0,0,0,1,0.75,0.0744919119,0,0,1,0,0,1,0,1,1,1,0,0,0,0,0,0,0,0,1263,6271,7534,7195.102818702634
9,0,0,0,0,0,0,0,1,0,0,0,0,2012,0,0,0,0,1,0,0,0,1,0.755833,0.0968470937,0,0,1,0,1,1,1,0,0,0,0,0,0,0,0,0,0,0,1196,6090,7286,6956.953783407094
10,0,0,0,0,0,0,0,1,0,0,0,0,2012,0,0,0,0,0,1,0,0,1,0.715833,0.17095022622900002,0,0,1,0,0,1,0,1,1,1,0,0,0,0,0,0,0,0,1065,4721,5786,6389.758531518649
11,0,0,0,0,0,0,0,1,0,0,0,0,2012,0,0,0,0,0,0,1,0,0,0.6925,0.151331969243,0,0,1,0,0,1,0,1,1,1,0,0,0,0,0,0,0,0,2247,4052,6299,6426.321811148853
12,0,0,0,0,0,0,0,1,0,0,0,0,2012,1,0,0,0,0,0,0,0,0,0.700833,0.06498244750400001,0,0,1,0,1,1,1,0,0,0,0,0,0,0,0,0,0,0,2182,4362,6544,6590.206901927911
13,0,0,0,0,0,0,0,1,0,0,0,0,2012,0,1,0,0,0,0,0,0,1,0.720833,0.074292340404,0,0,1,0,1,1,1,0,0,0,0,0,0,0,0,0,0,0,1207,5676,6883,6800.298894634879
14,0,0,0,0,0,0,0,1,0,0,0,0,2012,0,0,1,0,0,0,0,0,1,0.726667,0.116155216386,0,0,1,0,1,1,1,0,0,0,0,0,0,0,0,0,0,0,1128,5656,6784,6927.689781976726
15,0,0,0,0,0,0,0,1,0,0,0,0,2012,0,0,0,1,0,0,0,0,1,0.706667,0.105187225493,0,0,1,0,1,1,1,0,0,0,0,0,0,0,0,0,0,0,1198,6149,7347,7198.7704512953
16,0,0,0,0,0,0,0,1,0,0,0,0,2012,0,0,0,0,1,0,0,0,1,0.719167,0.07361580393200001,0,0,1,0,1,1,1,0,0,0,0,0,0,0,0,0,0,0,1338,6267,7605,7321.621571909172
17,0,0,0,0,0,0,0,1,0,0,0,0,2012,0,0,0,0,0,1,0,0,1,0.723333,0.132064497882,0,0,1,0,1,1,1,0,0,0,0,0,0,0,0,0,0,0,1483,5665,7148,7161.094264432218
19,0,0,0,0,0,0,0,1,0,0,0,0,2012,1,0,0,0,0,0,0,0,0,0.635833,0.061523612150000004,0,0,1,0,0,1,0,1,1,1,0,0,0,0,0,0,0,0,1208,3341,4549,6014.889399730225
20,0,0,0,0,0,0,0,1,0,0,0,0,2012,0,1,0,0,0,0,0,0,1,0.635833,0.09542629249300001,0,0,1,0,0,1,0,1,1,1,0,0,0,0,0,0,0,0,1026,5504,6530,6482.006977803193
21,0,0,0,0,0,0,0,1,0,0,0,0,2012,0,0,1,0,0,0,0,0,1,0.649167,0.0490293265,0,0,1,0,1,1,1,0,0,0,0,0,0,0,0,0,0,0,1081,5925,7006,6901.131533679354
22,0,0,0,0,0,0,0,1,0,0,0,0,2012,0,0,0,1,0,0,0,0,1,0.6675,0.0475876276139,0,0,1,0,1,1,1,0,0,0,0,0,0,0,0,0,0,0,1094,6281,7375,7215.38762323487
23,0,0,0,0,0,0,0,1,0,0,0,0,2012,0,0,0,0,1,0,0,0,1,0.695833,0.0537888013014,0,0,1,0,1,1,1,0,0,0,0,0,0,0,0,0,0,0,1363,6402,7765,7370.031336025257
24,0,0,0,0,0,0,0,1,0,0,0,0,2012,0,0,0,0,0,1,0,0,1,0.7025,0.044369666999999995,0,0,1,0,0,1,0,1,1,1,0,0,0,0,0,0,0,0,1325,6257,7582,7129.706384840899
25,0,0,0,0,0,0,0,1,0,0,0,0,2012,0,0,0,0,0,0,1,0,0,0.661667,0.174242618136,0,0,1,0,0,1,0,1,1,1,0,0,0,0,0,0,0,0,1829,4224,6053,6437.087818497439
26,0,0,0,0,0,0,0,1,0,0,0,0,2012,1,0,0,0,0,0,0,0,0,0.653333,0.193575648714,0,0,1,0,0,1,0,1,1,1,0,0,0,0,0,0,0,0,1483,3772,5255,6128.557070651418
27,0,0,0,0,0,0,0,1,0,0,0,0,2012,0,1,0,0,0,0,0,0,1,0.703333,0.09402877166099999,0,0,1,0,1,1,1,0,0,0,0,0,0,0,0,0,0,0,989,5928,6917,6693.583393456816
28,0,0,0,0,0,0,0,1,0,0,0,0,2012,0,0,1,0,0,0,0,0,1,0.728333,0.1183735,0,0,1,0,1,1,1,0,0,0,0,0,0,0,0,0,0,0,935,6105,7040,7035.193109719032
29,0,0,0,0,0,0,0,1,0,0,0,0,2012,0,0,0,1,0,0,0,0,1,0.685,0.062143566645999994,0,0,1,0,1,1,1,0,0,0,0,0,0,0,0,0,0,0,1177,6520,7697,7371.99593570028
30,0,0,0,0,0,0,0,1,0,0,0,0,2012,0,0,0,0,1,0,0,0,1,0.706667,0.045531010663899994,0,0,1,0,1,1,1,0,0,0,0,0,0,0,0,0,0,0,1172,6541,7713,7383.794697381808
31,0,0,0,0,0,0,0,1,0,0,0,0,2012,0,0,0,0,0,1,0,0,1,0.764167,0.0990131375,0,0,1,0,1,1,1,0,0,0,0,0,0,0,0,0,0,0,1433,5917,7350,7066.388156445145
3,0,0,0,0,0,0,0,0,1,0,0,0,2012,0,1,0,0,0,0,0,1,0,0.7075,0.119511473793,0,0,1,0,1,1,1,0,0,0,0,0,0,0,0,0,0,0,1965,4069,6034,6293.793706293571
4,0,0,0,0,0,0,0,0,1,0,0,0,2012,0,0,1,0,0,0,0,0,1,0.725833,0.178422355,0,0,1,0,1,1,1,0,0,0,0,0,0,0,0,0,0,0,867,5997,6864,6657.659959464981
5,0,0,0,0,0,0,0,0,1,0,0,0,2012,0,0,0,1,0,0,0,0,1,0.736667,0.13921268,0,0,1,0,1,1,1,0,0,0,0,0,0,0,0,0,0,0,832,6280,7112,6815.18617210137
6,0,0,0,0,0,0,0,0,1,0,0,0,2012,0,0,0,0,1,0,0,0,1,0.696667,0.115420399557,0,0,1,0,0,1,0,1,1,1,0,0,0,0,0,0,0,0,611,5592,6203,6675.898556839131
7,0,0,0,0,0,0,0,0,1,0,0,0,2012,0,0,0,0,0,1,0,0,1,0.703333,0.1263743675,0,0,1,0,1,1,1,0,0,0,0,0,0,0,0,0,0,0,1045,6459,7504,7009.509498416022
8,0,0,0,0,0,0,0,0,1,0,0,0,2012,0,0,0,0,0,0,1,0,0,0.659167,0.224649040368,0,0,1,0,0,1,0,1,1,1,0,0,0,0,0,0,0,0,1557,4419,5976,6848.629938408935
10,0,0,0,0,0,0,0,0,1,0,0,0,2012,0,1,0,0,0,0,0,0,1,0.583333,0.13032667375,0,0,1,0,1,1,1,0,0,0,0,0,0,0,0,0,0,0,1118,6407,7525,7605.511012023418
11,0,0,0,0,0,0,0,0,1,0,0,0,2012,0,0,1,0,0,0,0,0,1,0.5775,0.047868184,0,0,1,0,1,1,1,0,0,0,0,0,0,0,0,0,0,0,1070,6697,7767,7731.152719259469
12,0,0,0,0,0,0,0,0,1,0,0,0,2012,0,0,0,1,0,0,0,0,1,0.599167,0.07608608521799999,0,0,1,0,1,1,1,0,0,0,0,0,0,0,0,0,0,0,1050,6820,7870,7820.947145754992
13,0,0,0,0,0,0,0,0,1,0,0,0,2012,0,0,0,0,1,0,0,0,1,0.6125,0.052700015426399995,0,0,1,0,1,1,1,0,0,0,0,0,0,0,0,0,0,0,1054,6750,7804,7861.6887180055055
14,0,0,0,0,0,0,0,0,1,0,0,0,2012,0,0,0,0,0,1,0,0,1,0.633333,0.0698478675,0,0,1,0,1,1,1,0,0,0,0,0,0,0,0,0,0,0,1379,6630,8009,7960.119008261527
16,0,0,0,0,0,0,0,0,1,0,0,0,2012,1,0,0,0,0,0,0,0,0,0.58,0.051404480999999995,0,0,1,0,1,1,1,0,0,0,0,0,0,0,0,0,0,0,2166,5167,7333,7354.885912075691
17,0,0,0,0,0,0,0,0,1,0,0,0,2012,0,1,0,0,0,0,0,0,1,0.580833,0.11146709358599999,0,0,1,0,0,1,0,1,1,1,0,0,0,0,0,0,0,0,1022,5847,6869,6721.989429448
18,0,0,0,0,0,0,0,0,1,0,0,0,2012,0,0,1,0,0,0,0,0,1,0.623333,0.3119946575,0,0,1,0,0,1,0,1,1,1,0,0,0,0,0,0,0,0,371,3702,4073,5942.082376268309
19,0,0,0,0,0,0,0,0,1,0,0,0,2012,0,0,0,1,0,0,0,0,1,0.5525,0.115477321725,0,0,1,0,1,1,1,0,0,0,0,0,0,0,0,0,0,0,788,6803,7591,7031.257699356927
20,0,0,0,0,0,0,0,0,1,0,0,0,2012,0,0,0,0,1,0,0,0,1,0.546667,0.073066555611,0,0,1,0,1,1,1,0,0,0,0,0,0,0,0,0,0,0,939,6781,7720,7560.6907218024735
21,0,0,0,0,0,0,0,0,1,0,0,0,2012,0,0,0,0,0,1,0,0,1,0.599167,0.10314064375,0,0,1,0,1,1,1,0,0,0,0,0,0,0,0,0,0,0,1250,6917,8167,7930.814466050494
24,0,0,0,0,0,0,0,0,1,0,0,0,2012,0,1,0,0,0,0,0,0,1,0.514167,0.070193352468,0,0,0,1,1,1,1,0,0,0,0,0,0,0,0,0,0,0,1001,6435,7436,7633.5780126405725
25,0,0,0,0,0,0,0,0,1,0,0,0,2012,0,0,1,0,0,0,0,0,1,0.55,0.13470296999999998,0,0,0,1,1,1,1,0,0,0,0,0,0,0,0,0,0,0,845,6693,7538,7596.290474925193
26,0,0,0,0,0,0,0,0,1,0,0,0,2012,0,0,0,1,0,0,0,0,1,0.635,0.1541755852,0,0,0,1,1,1,1,0,0,0,0,0,0,0,0,0,0,0,787,6946,7733,7617.2934121350045
27,0,0,0,0,0,0,0,0,1,0,0,0,2012,0,0,0,0,1,0,0,0,1,0.65,0.092807886886,0,0,0,1,0,1,0,1,1,1,0,0,0,0,0,0,0,0,751,6642,7393,7522.589761479821
28,0,0,0,0,0,0,0,0,1,0,0,0,2012,0,0,0,0,0,1,0,0,1,0.619167,0.11328350999999999,0,0,0,1,0,1,0,1,1,1,0,0,0,0,0,0,0,0,1045,6370,7415,7557.47587230446
30,0,0,0,0,0,0,0,0,1,0,0,0,2012,1,0,0,0,0,0,0,0,0,0.526667,0.078725455014,0,0,0,1,1,1,1,0,0,0,0,0,0,0,0,0,0,0,2015,4874,6889,7092.037693996213
1,0,0,0,0,0,0,0,0,0,1,0,0,2012,0,1,0,0,0,0,0,0,1,0.520833,0.05894709010140001,0,0,0,1,0,1,0,1,1,1,0,0,0,0,0,0,0,0,763,6015,6778,6652.275226555083
2,0,0,0,0,0,0,0,0,0,1,0,0,2012,0,0,1,0,0,0,0,0,1,0.590833,0.091067409825,0,0,0,1,0,0,0,0,0,0,1,1,1,1,0,0,1,0,315,4324,4639,6086.787985669035
3,0,0,0,0,0,0,0,0,0,1,0,0,2012,0,0,0,1,0,0,0,0,1,0.6575,0.05282072875,0,0,0,1,0,1,0,1,1,1,0,0,0,0,0,0,0,0,728,6844,7572,6969.088730452022
4,0,0,0,0,0,0,0,0,0,1,0,0,2012,0,0,0,0,1,0,0,0,1,0.6575,0.08497600168200001,0,0,0,1,0,1,0,1,1,1,0,0,0,0,0,0,0,0,891,6437,7328,7248.478205687031
5,0,0,0,0,0,0,0,0,0,1,0,0,2012,0,0,0,0,0,1,0,0,1,0.615,0.06673462499999999,0,0,0,1,1,1,1,0,0,0,0,0,0,0,0,0,0,0,1516,6640,8156,7448.3458866090705
7,0,0,0,0,0,0,0,0,0,1,0,0,2012,1,0,0,0,0,0,0,0,0,0.415833,0.099989702946,0,0,0,1,0,1,0,1,1,1,0,0,0,0,0,0,0,0,781,2729,3510,5408.33247581147
8,0,0,0,0,0,0,0,0,0,1,0,0,2012,0,1,0,0,0,0,0,1,0,0.383333,0.134592993857,0,0,0,1,0,1,0,1,1,1,0,0,0,0,0,0,0,0,874,4604,5478,5774.4379732942325
9,0,0,0,0,0,0,0,0,0,1,0,0,2012,0,0,1,0,0,0,0,0,1,0.446667,0.1449452301,0,0,0,1,0,1,0,1,1,1,0,0,0,0,0,0,0,0,601,5791,6392,6436.981444071227
10,0,0,0,0,0,0,0,0,0,1,0,0,2012,0,0,0,1,0,0,0,0,1,0.514167,0.11848368489299999,0,0,0,1,1,1,1,0,0,0,0,0,0,0,0,0,0,0,780,6911,7691,7144.50635891945
11,0,0,0,0,0,0,0,0,0,1,0,0,2012,0,0,0,0,1,0,0,0,1,0.435,0.084139419468,0,0,0,1,1,1,1,0,0,0,0,0,0,0,0,0,0,0,834,6736,7570,7305.537632687121
12,0,0,0,0,0,0,0,0,0,1,0,0,2012,0,0,0,0,0,1,0,0,1,0.4375,0.126753848364,0,0,0,1,1,1,1,0,0,0,0,0,0,0,0,0,0,0,1060,6222,7282,7202.106539141913
13,0,0,0,0,0,0,0,0,0,1,0,0,2012,0,0,0,0,0,0,1,0,0,0.393333,0.072279348786,0,0,0,1,1,1,1,0,0,0,0,0,0,0,0,0,0,0,2252,4857,7109,7018.781984738618
14,0,0,0,0,0,0,0,0,0,1,0,0,2012,1,0,0,0,0,0,0,0,0,0.521667,0.17842786120400003,0,0,0,1,1,1,1,0,0,0,0,0,0,0,0,0,0,0,2080,4559,6639,6745.239415073942
15,0,0,0,0,0,0,0,0,0,1,0,0,2012,0,1,0,0,0,0,0,0,1,0.561667,0.2094461775,0,0,0,1,0,1,0,1,1,1,0,0,0,0,0,0,0,0,760,5115,5875,6577.936260483208
16,0,0,0,0,0,0,0,0,0,1,0,0,2012,0,0,1,0,0,0,0,0,1,0.468333,0.101739997593,0,0,0,1,1,1,1,0,0,0,0,0,0,0,0,0,0,0,922,6612,7534,7113.569366375681
17,0,0,0,0,0,0,0,0,0,1,0,0,2012,0,0,0,1,0,0,0,0,1,0.455833,0.070241689207,0,0,0,1,1,1,1,0,0,0,0,0,0,0,0,0,0,0,979,6482,7461,7228.7718386438355
18,0,0,0,0,0,0,0,0,0,1,0,0,2012,0,0,0,0,1,0,0,0,1,0.5225,0.17256903602100002,0,0,0,1,0,1,0,1,1,1,0,0,0,0,0,0,0,0,1008,6501,7509,7111.746149555824
19,0,0,0,0,0,0,0,0,0,1,0,0,2012,0,0,0,0,0,1,0,0,1,0.563333,0.10998750999999998,0,0,0,1,0,1,0,1,1,1,0,0,0,0,0,0,0,0,753,4671,5424,6597.466610023635
21,0,0,0,0,0,0,0,0,0,1,0,0,2012,1,0,0,0,0,0,0,0,0,0.464167,0.08468754,0,0,0,1,1,1,1,0,0,0,0,0,0,0,0,0,0,0,2132,4692,6824,7082.494431521616
22,0,0,0,0,0,0,0,0,0,1,0,0,2012,0,1,0,0,0,0,0,0,1,0.4875,0.04630964833889999,0,0,0,1,1,1,1,0,0,0,0,0,0,0,0,0,0,0,830,6228,7058,7166.829614049766
23,0,0,0,0,0,0,0,0,0,1,0,0,2012,0,0,1,0,0,0,0,0,1,0.544167,0.060666919848599996,0,0,0,1,1,1,1,0,0,0,0,0,0,0,0,0,0,0,841,6625,7466,7359.994410627681
24,0,0,0,0,0,0,0,0,0,1,0,0,2012,0,0,0,1,0,0,0,0,1,0.5875,0.046305766,0,0,0,1,1,1,1,0,0,0,0,0,0,0,0,0,0,0,795,6898,7693,7447.153617833277
25,0,0,0,0,0,0,0,0,0,1,0,0,2012,0,0,0,0,1,0,0,0,1,0.55,0.09955186437500001,0,0,0,1,0,1,0,1,1,1,0,0,0,0,0,0,0,0,875,6484,7359,7288.466442872149
26,0,0,0,0,0,0,0,0,0,1,0,0,2012,0,0,0,0,0,1,0,0,1,0.545833,0.106911863761,0,0,0,1,0,1,0,1,1,1,0,0,0,0,0,0,0,0,1182,6262,7444,7059.245710783171
29,0,0,0,0,0,0,0,0,0,1,0,0,2012,0,1,0,0,0,0,0,0,1,0.44,0.315216,0,0,0,1,0,0,0,0,0,0,1,1,1,1,0,0,1,0,2,20,22,2369.428383469381
30,0,0,0,0,0,0,0,0,0,1,0,0,2012,0,0,1,0,0,0,0,0,1,0.318182,0.175829344095,0,0,0,1,0,1,0,1,1,1,0,0,0,0,0,0,0,0,87,1009,1096,2661.718792759231
31,0,0,0,0,0,0,0,0,0,1,0,0,2012,0,0,0,1,0,0,0,0,1,0.3575,0.111111388889,0,0,0,1,0,1,0,1,1,1,0,0,0,0,0,0,0,0,419,5147,5566,4519.727994808311
1,0,0,0,0,0,0,0,0,0,0,1,0,2012,0,0,0,0,1,0,0,0,1,0.365833,0.09152297578200001,0,0,0,1,0,1,0,1,1,1,0,0,0,0,0,0,0,0,466,5520,5986,5331.4651916657
2,0,0,0,0,0,0,0,0,0,0,1,0,2012,0,0,0,0,0,1,0,0,1,0.355,0.13896544252499998,0,0,0,1,1,1,1,0,0,0,0,0,0,0,0,0,0,0,618,5229,5847,5488.66758018879
3,0,0,0,0,0,0,0,0,0,0,1,0,2012,0,0,0,0,0,0,1,0,0,0.343333,0.13289737125,0,0,0,1,0,1,0,1,1,1,0,0,0,0,0,0,0,0,1029,4109,5138,5287.537548900672
4,0,0,0,0,0,0,0,0,0,0,1,0,2012,1,0,0,0,0,0,0,0,0,0.325833,0.095449698036,0,0,0,1,1,1,1,0,0,0,0,0,0,0,0,0,0,0,1201,3906,5107,5235.945066513225
5,0,0,0,0,0,0,0,0,0,0,1,0,2012,0,1,0,0,0,0,0,0,1,0.319167,0.11678401627500001,0,0,0,1,1,1,1,0,0,0,0,0,0,0,0,0,0,0,378,4881,5259,5313.297650639004
6,0,0,0,0,0,0,0,0,0,0,1,0,2012,0,0,1,0,0,0,0,0,1,0.280833,0.09839627257900001,0,0,0,1,1,1,1,0,0,0,0,0,0,0,0,0,0,0,466,5220,5686,5444.947885403786
7,0,0,0,0,0,0,0,0,0,0,1,0,2012,0,0,0,1,0,0,0,0,1,0.295833,0.16649913,0,0,0,1,0,1,0,1,1,1,0,0,0,0,0,0,0,0,326,4709,5035,5335.546005572354
8,0,0,0,0,0,0,0,0,0,0,1,0,2012,0,0,0,0,1,0,0,0,1,0.352174,0.11599532013,0,0,0,1,1,1,1,0,0,0,0,0,0,0,0,0,0,0,340,4975,5315,5526.690131313277
9,0,0,0,0,0,0,0,0,0,0,1,0,2012,0,0,0,0,0,1,0,0,1,0.361667,0.116040046814,0,0,0,1,1,1,1,0,0,0,0,0,0,0,0,0,0,0,709,5283,5992,5929.524388367475
10,0,0,0,0,0,0,0,0,0,0,1,0,2012,0,0,0,0,0,0,1,0,0,0.389167,0.0373346626986,0,0,0,1,1,1,1,0,0,0,0,0,0,0,0,0,0,0,2090,4446,6536,6269.883033789148
11,0,0,0,0,0,0,0,0,0,0,1,0,2012,1,0,0,0,0,0,0,0,0,0.420833,0.08404379249999999,0,0,0,1,1,1,1,0,0,0,0,0,0,0,0,0,0,0,2290,4562,6852,6344.124712999969
12,0,0,0,0,0,0,0,0,0,0,1,0,2012,0,1,0,0,0,0,0,1,0,0.485,0.128691832839,0,0,0,1,1,1,1,0,0,0,0,0,0,0,0,0,0,0,1097,5172,6269,5910.49110521076
13,0,0,0,0,0,0,0,0,0,0,1,0,2012,0,0,1,0,0,0,0,0,1,0.343333,0.226748108182,0,0,0,1,0,1,0,1,1,1,0,0,0,0,0,0,0,0,327,3767,4094,5118.34860263231
14,0,0,0,0,0,0,0,0,0,0,1,0,2012,0,0,0,1,0,0,0,0,1,0.289167,0.110209568875,0,0,0,1,1,1,1,0,0,0,0,0,0,0,0,0,0,0,373,5122,5495,5350.554702686169
15,0,0,0,0,0,0,0,0,0,0,1,0,2012,0,0,0,0,1,0,0,0,1,0.321667,0.094915735579,0,0,0,1,0,1,0,1,1,1,0,0,0,0,0,0,0,0,320,5125,5445,5438.315505426197
16,0,0,0,0,0,0,0,0,0,0,1,0,2012,0,0,0,0,0,1,0,0,1,0.345,0.08971680757500002,0,0,0,1,1,1,1,0,0,0,0,0,0,0,0,0,0,0,484,5214,5698,5519.391813592424
17,0,0,0,0,0,0,0,0,0,0,1,0,2012,0,0,0,0,0,0,1,0,0,0.325,0.09802725199300001,0,0,0,1,1,1,1,0,0,0,0,0,0,0,0,0,0,0,1313,4316,5629,5421.8599353510745
18,0,0,0,0,0,0,0,0,0,0,1,0,2012,1,0,0,0,0,0,0,0,0,0.3425,0.157716224204,0,0,0,1,1,1,1,0,0,0,0,0,0,0,0,0,0,0,922,3747,4669,5117.187992460799
19,0,0,0,0,0,0,0,0,0,0,1,0,2012,0,1,0,0,0,0,0,0,1,0.380833,0.146525018311,0,0,0,1,0,1,0,1,1,1,0,0,0,0,0,0,0,0,449,5050,5499,5260.704042031323
20,0,0,0,0,0,0,0,0,0,0,1,0,2012,0,0,1,0,0,0,0,0,1,0.374167,0.05666662500000001,0,0,0,1,0,1,0,1,1,1,0,0,0,0,0,0,0,0,534,5100,5634,5165.924133633171
21,0,0,0,0,0,0,0,0,0,0,1,0,2012,0,0,0,1,0,0,0,0,1,0.353333,0.06336723250000001,0,0,0,1,1,1,1,0,0,0,0,0,0,0,0,0,0,0,615,4531,5146,4603.068358868189
22,0,0,0,0,0,0,0,0,0,0,1,0,2012,0,0,0,0,1,0,0,1,0,0.34,0.030687111123599998,0,0,0,1,1,1,1,0,0,0,0,0,0,0,0,0,0,0,955,1470,2425,3497.2809429713952
23,0,0,0,0,0,0,0,0,0,0,1,0,2012,0,0,0,0,0,1,0,0,1,0.368333,0.08418694375,0,0,0,1,1,1,1,0,0,0,0,0,0,0,0,0,0,0,1603,2307,3910,3463.7744700459966
24,0,0,0,0,0,0,0,0,0,0,1,0,2012,0,0,0,0,0,0,1,0,0,0.278333,0.15247559979300002,0,0,0,1,1,1,1,0,0,0,0,0,0,0,0,0,0,0,532,1745,2277,2984.042467166595
25,0,0,0,0,0,0,0,0,0,0,1,0,2012,1,0,0,0,0,0,0,0,0,0.245833,0.0704841165,0,0,0,1,1,1,1,0,0,0,0,0,0,0,0,0,0,0,309,2115,2424,3211.352931453789
26,0,0,0,0,0,0,0,0,0,0,1,0,2012,0,1,0,0,0,0,0,0,1,0.313333,0.02497720305,0,0,0,1,1,1,1,0,0,0,0,0,0,0,0,0,0,0,337,4750,5087,4226.016327194772
27,0,0,0,0,0,0,0,0,0,0,1,0,2012,0,0,1,0,0,0,0,0,1,0.291667,0.186882185854,0,0,0,1,0,1,0,1,1,1,0,0,0,0,0,0,0,0,123,3836,3959,4379.696050130527
28,0,0,0,0,0,0,0,0,0,0,1,0,2012,0,0,0,1,0,0,0,0,1,0.296667,0.10672813125,0,0,0,1,1,1,1,0,0,0,0,0,0,0,0,0,0,0,198,5062,5260,4954.0718231968085
29,0,0,0,0,0,0,0,0,0,0,1,0,2012,0,0,0,0,1,0,0,0,1,0.28087,0.064190030344,0,0,0,1,1,1,1,0,0,0,0,0,0,0,0,0,0,0,243,5080,5323,5222.519419459898
30,0,0,0,0,0,0,0,0,0,0,1,0,2012,0,0,0,0,0,1,0,0,1,0.298333,0.037981637676400004,0,0,0,1,1,1,1,0,0,0,0,0,0,0,0,0,0,0,362,5306,5668,5390.486435182885
1,0,0,0,0,0,0,0,0,0,0,0,1,2012,0,0,0,0,0,0,1,0,0,0.298333,0.0481614079014,0,0,0,1,0,1,0,1,1,1,0,0,0,0,0,0,0,0,951,4240,5191,5280.939886088755
2,0,0,0,0,0,0,0,0,0,0,0,1,2012,1,0,0,0,0,0,0,0,0,0.3475,0.102405335207,0,0,0,1,0,1,0,1,1,1,0,0,0,0,0,0,0,0,892,3757,4649,5261.333223083379
3,0,0,0,0,0,0,0,0,0,0,0,1,2012,0,1,0,0,0,0,0,0,1,0.4525,0.063488214,0,0,0,1,1,1,1,0,0,0,0,0,0,0,0,0,0,0,555,5679,6234,5854.059783161382
4,0,0,0,0,0,0,0,0,0,0,0,1,2012,0,0,1,0,0,0,0,0,1,0.475833,0.12776715375,0,0,0,1,1,1,1,0,0,0,0,0,0,0,0,0,0,0,551,6055,6606,6066.846126400767
5,0,0,0,0,0,0,0,0,0,0,0,1,2012,0,0,0,1,0,0,0,0,1,0.438333,0.157150185,0,0,0,1,1,1,1,0,0,0,0,0,0,0,0,0,0,0,331,5398,5729,5740.47859604092
6,0,0,0,0,0,0,0,0,0,0,0,1,2012,0,0,0,0,1,0,0,0,1,0.255833,0.0889060975,0,0,0,1,1,1,1,0,0,0,0,0,0,0,0,0,0,0,340,5035,5375,5425.589661721992
7,0,0,0,0,0,0,0,0,0,0,0,1,2012,0,0,0,0,0,1,0,0,1,0.320833,0.0998002102,0,0,0,1,0,1,0,1,1,1,0,0,0,0,0,0,0,0,349,4659,5008,5161.290389125057
8,0,0,0,0,0,0,0,0,0,0,0,1,2012,0,0,0,0,0,0,1,0,0,0.381667,0.09238161375,0,0,0,1,0,1,0,1,1,1,0,0,0,0,0,0,0,0,1153,4429,5582,5050.281505653178
9,0,0,0,0,0,0,0,0,0,0,0,1,2012,1,0,0,0,0,0,0,0,0,0.384167,0.14303325057500002,0,0,0,1,0,1,0,1,1,1,0,0,0,0,0,0,0,0,441,2787,3228,4407.554127834476
10,0,0,0,0,0,0,0,0,0,0,0,1,2012,0,1,0,0,0,0,0,0,1,0.435833,0.17603490000000002,0,0,0,1,0,1,0,1,1,1,0,0,0,0,0,0,0,0,329,4841,5170,4944.380877850251
11,0,0,0,0,0,0,0,0,0,0,0,1,2012,0,0,1,0,0,0,0,0,1,0.353333,0.176635508679,0,0,0,1,0,1,0,1,1,1,0,0,0,0,0,0,0,0,282,5219,5501,5255.588505716276
12,0,0,0,0,0,0,0,0,0,0,0,1,2012,0,0,0,1,0,0,0,0,1,0.2975,0.087714364021,0,0,0,1,0,1,0,1,1,1,0,0,0,0,0,0,0,0,310,5009,5319,5321.384639298577
13,0,0,0,0,0,0,0,0,0,0,0,1,2012,0,0,0,0,1,0,0,0,1,0.295833,0.08459761445700001,0,0,0,1,1,1,1,0,0,0,0,0,0,0,0,0,0,0,425,5107,5532,5389.565412179455
14,0,0,0,0,0,0,0,0,0,0,0,1,2012,0,0,0,0,0,1,0,0,1,0.281667,0.08436935499300001,0,0,0,1,1,1,1,0,0,0,0,0,0,0,0,0,0,0,429,5182,5611,5315.311597239788
15,0,0,0,0,0,0,0,0,0,0,0,1,2012,0,0,0,0,0,0,1,0,0,0.324167,0.06917184795,0,0,0,1,1,1,1,0,0,0,0,0,0,0,0,0,0,0,767,4280,5047,4945.369379539908
16,0,0,0,0,0,0,0,0,0,0,0,1,2012,1,0,0,0,0,0,0,0,0,0.3625,0.0844973525,0,0,0,1,0,1,0,1,1,1,0,0,0,0,0,0,0,0,538,3248,3786,4473.796541379936
17,0,0,0,0,0,0,0,0,0,0,0,1,2012,0,1,0,0,0,0,0,0,1,0.393333,0.0891284335389,0,0,0,1,0,1,0,1,1,1,0,0,0,0,0,0,0,0,212,4373,4585,4690.0202445999
18,0,0,0,0,0,0,0,0,0,0,0,1,2012,0,0,1,0,0,0,0,0,1,0.410833,0.147510415,0,0,0,1,1,1,1,0,0,0,0,0,0,0,0,0,0,0,433,5124,5557,5011.264192419765
19,0,0,0,0,0,0,0,0,0,0,0,1,2012,0,0,0,1,0,0,0,0,1,0.3325,0.11513426636400001,0,0,0,1,1,1,1,0,0,0,0,0,0,0,0,0,0,0,333,4934,5267,4786.772332659394
20,0,0,0,0,0,0,0,0,0,0,0,1,2012,0,0,0,0,1,0,0,0,1,0.33,0.088474289571,0,0,0,1,0,1,0,1,1,1,0,0,0,0,0,0,0,0,314,3814,4128,4082.052805558417
21,0,0,0,0,0,0,0,0,0,0,0,1,2012,0,0,0,0,0,1,0,0,1,0.326667,0.208406661461,1,0,0,0,0,1,0,1,1,1,0,0,0,0,0,0,0,0,221,3402,3623,3331.3860840158577
23,0,0,0,0,0,0,0,0,0,0,0,1,2012,1,0,0,0,0,0,0,0,0,0.245833,0.068593240611,1,0,0,0,1,1,1,0,0,0,0,0,0,0,0,0,0,0,408,1379,1787,1786.93025545161
24,0,0,0,0,0,0,0,0,0,0,0,1,2012,0,1,0,0,0,0,0,0,1,0.231304,0.06111272444160001,1,0,0,0,0,1,0,1,1,1,0,0,0,0,0,0,0,0,174,746,920,1284.6853198656745
25,0,0,0,0,0,0,0,0,0,0,0,1,2012,0,0,1,0,0,0,0,1,0,0.291304,0.12397699645799999,1,0,0,0,0,1,0,1,1,1,0,0,0,0,0,0,0,0,440,573,1013,1147.1257041454137
26,0,0,0,0,0,0,0,0,0,0,0,1,2012,0,0,0,1,0,0,0,0,1,0.243333,0.260622767818,1,0,0,0,0,0,0,0,0,0,1,1,1,1,0,0,1,0,9,432,441,1143.6917925705654
27,0,0,0,0,0,0,0,0,0,0,0,1,2012,0,0,0,0,1,0,0,0,1,0.254167,0.228607787961,1,0,0,0,0,1,0,1,1,1,0,0,0,0,0,0,0,0,247,1867,2114,1842.9496735662835
28,0,0,0,0,0,0,0,0,0,0,0,1,2012,0,0,0,0,0,1,0,0,1,0.253333,0.09172788999999999,1,0,0,0,0,1,0,1,1,1,0,0,0,0,0,0,0,0,644,2451,3095,2271.1572281282847
29,0,0,0,0,0,0,0,0,0,0,0,1,2012,0,0,0,0,0,0,1,0,0,0.253333,0.093650075211,1,0,0,0,0,1,0,1,1,1,0,0,0,0,0,0,0,0,159,1182,1341,1875.522010818571
30,0,0,0,0,0,0,0,0,0,0,0,1,2012,1,0,0,0,0,0,0,0,0,0.255833,0.16953098308200001,1,0,0,0,1,1,1,0,0,0,0,0,0,0,0,0,0,0,364,1432,1796,2014.408804327428
31,0,0,0,0,0,0,0,0,0,0,0,1,2012,0,1,0,0,0,0,0,0,1,0.215833,0.08942356500000001,1,0,0,0,0,1,0,1,1,1,0,0,0,0,0,0,0,0,439,2290,2729,2371.704402163714
